{
  "GDP_US": {
    "display_name": "US GDP",
    "category": "Macro",
    "source": "FRED",
    "ticker": "GDP",
    "frequency": "Quarterly",
    "tags": ["gdp", "macro"],
    "normalization": "growth_positive",
    "direction": "+",
    "description": "Gross Domestic Product of the United States."
  },
  "CPI_US": {
    "display_name": "Consumer Price Index",
    "category": "Macro",
    "source": "FRED",
    "ticker": "CPIAUCSL",
    "frequency": "Monthly",
    "tags": ["inflation", "macro"],
    "normalization": "zscore_rolling",
    "direction": "+",
    "description": "Consumer Price Index for all urban consumers."
  },
  "PPI_US": {
    "display_name": "Producer Price Index",
    "category": "Macro",
    "source": "FRED",
    "ticker": "PPIACO",
    "frequency": "Monthly",
    "tags": ["prices", "inflation"],
    "normalization": "zscore_rolling",
    "direction": "+",
    "description": "Producer price index for all commodities."
  },
  "UNRATE_US": {
    "display_name": "Unemployment Rate",
    "category": "Labor",
    "source": "FRED",
    "ticker": "UNRATE",
    "frequency": "Monthly",
    "tags": ["labor", "employment"],
    "normalization": "inverse_zscore",
    "direction": "-",
    "description": "US civilian unemployment rate."
  },
  "M2_US": {
    "display_name": "M2 Money Supply",
    "category": "Liquidity",
    "source": "FRED",
    "ticker": "M2SL",
    "frequency": "Weekly",
    "tags": ["money", "liquidity"],
    "normalization": "zscore_rolling",
    "direction": "+",
    "description": "M2 stock of money supply."
  },
  "DGS10_US": {
    "display_name": "10-Year Yield",
    "category": "Rates",
    "source": "FRED",
    "ticker": "DGS10",
    "frequency": "Daily",
    "tags": ["rates", "curve"],
    "normalization": "zscore",
    "direction": "+",
    "description": "10-year Treasury constant maturity rate."
  },
  "T10Y2Y_US": {
    "display_name": "Yield Curve Spread (10Y-2Y)",
    "category": "Rates",
    "source": "FRED",
    "ticker": "T10Y2Y",
    "frequency": "Daily",
    "tags": ["yieldcurve", "inversion", "macro"],
    "normalization": "zscore",
    "direction": "-",
    "description": "10-year minus 2-year yield spread."
  },
  "VIX_US": {
    "display_name": "VIX Volatility Index",
    "category": "Volatility",
    "source": "YAHOO",
    "ticker": "^VIX",
    "frequency": "Daily",
    "tags": ["volatility", "risk"],
    "normalization": "zscore_rolling",
    "direction": "+",
    "description": "CBOE VIX volatility index."
  },
  "SPY_US": {
    "display_name": "S&P 500 Index",
    "category": "Equities",
    "source": "YAHOO",
    "ticker": "SPY",
    "frequency": "Daily",
    "tags": ["us equities", "benchmark"],
    "normalization": "zscore_rolling",
    "direction": "+",
    "description": "S&P 500 ETF."
  },
  "XLU_US": {
    "display_name": "Utilities Sector",
    "category": "Equities",
    "source": "YAHOO",
    "ticker": "XLU",
    "frequency": "Daily",
    "tags": ["sectors", "defensive"],
    "normalization": "zscore_rolling",
    "direction": "+",
    "description": "Utilities Select Sector SPDR."
  }
}
