date,CPI_US,DGS10_US,GDP_US,M2_US,PPI_US,T10Y2Y_US,UNRATE_US
1913-01-31,,,,,12.1,,
1913-02-28,,,,,12.0,,
1913-03-31,,,,,12.0,,
1913-04-30,,,,,12.0,,
1913-05-31,,,,,11.9,,
1913-06-30,,,,,11.9,,
1913-07-31,,,,,12.0,,
1913-08-31,,,,,12.0,,
1913-09-30,,,,,12.2,,
1913-10-31,,,,,12.2,,
1913-11-30,,,,,12.1,,
1913-12-31,,,,,11.9,,
1914-01-31,,,,,11.8,,
1914-02-28,,,,,11.8,,
1914-03-31,,,,,11.7,,
1914-04-30,,,,,11.7,,
1914-05-31,,,,,11.6,,
1914-06-30,,,,,11.6,,
1914-07-31,,,,,11.6,,
1914-08-31,,,,,12.0,,
1914-09-30,,,,,12.1,,
1914-10-31,,,,,11.7,,
1914-11-30,,,,,11.7,,
1914-12-31,,,,,11.6,,
1915-01-31,,,,,11.8,,
1915-02-28,,,,,11.8,,
1915-03-31,,,,,11.8,,
1915-04-30,,,,,11.8,,
1915-05-31,,,,,11.9,,
1915-06-30,,,,,11.8,,
1915-07-31,,,,,11.9,,
1915-08-31,,,,,11.8,,
1915-09-30,,,,,11.8,,
1915-10-31,,,,,12.1,,
1915-11-30,,,,,12.3,,
1915-12-31,,,,,12.8,,
1916-01-31,,,,,13.3,,
1916-02-29,,,,,13.5,,
1916-03-31,,,,,13.9,,
1916-04-30,,,,,14.1,,
1916-05-31,,,,,14.2,,
1916-06-30,,,,,14.3,,
1916-07-31,,,,,14.4,,
1916-08-31,,,,,14.7,,
1916-09-30,,,,,15.0,,
1916-10-31,,,,,15.7,,
1916-11-30,,,,,16.8,,
1916-12-31,,,,,17.1,,
1917-01-31,,,,,17.6,,
1917-02-28,,,,,18.0,,
1917-03-31,,,,,18.5,,
1917-04-30,,,,,19.7,,
1917-05-31,,,,,20.8,,
1917-06-30,,,,,21.0,,
1917-07-31,,,,,21.2,,
1917-08-31,,,,,21.5,,
1917-09-30,,,,,21.3,,
1917-10-31,,,,,21.1,,
1917-11-30,,,,,21.2,,
1917-12-31,,,,,21.2,,
1918-01-31,,,,,21.6,,
1918-02-28,,,,,21.1,,
1918-03-31,,,,,21.8,,
1918-04-30,,,,,22.1,,
1918-05-31,,,,,22.1,,
1918-06-30,,,,,22.2,,
1918-07-31,,,,,22.7,,
1918-08-31,,,,,23.2,,
1918-09-30,,,,,23.7,,
1918-10-31,,,,,23.5,,
1918-11-30,,,,,23.5,,
1918-12-31,,,,,23.5,,
1919-01-31,,,,,23.2,,
1919-02-28,,,,,22.4,,
1919-03-31,,,,,22.6,,
1919-04-30,,,,,22.9,,
1919-05-31,,,,,23.3,,
1919-06-30,,,,,23.4,,
1919-07-31,,,,,24.3,,
1919-08-31,,,,,24.9,,
1919-09-30,,,,,24.3,,
1919-10-31,,,,,24.4,,
1919-11-30,,,,,24.9,,
1919-12-31,,,,,26.0,,
1920-01-31,,,,,27.2,,
1920-02-29,,,,,27.1,,
1920-03-31,,,,,27.3,,
1920-04-30,,,,,28.5,,
1920-05-31,,,,,28.8,,
1920-06-30,,,,,28.7,,
1920-07-31,,,,,28.6,,
1920-08-31,,,,,27.8,,
1920-09-30,,,,,26.8,,
1920-10-31,,,,,24.9,,
1920-11-30,,,,,23.0,,
1920-12-31,,,,,20.8,,
1921-01-31,,,,,19.6,,
1921-02-28,,,,,18.1,,
1921-03-31,,,,,17.7,,
1921-04-30,,,,,17.0,,
1921-05-31,,,,,16.6,,
1921-06-30,,,,,16.1,,
1921-07-31,,,,,16.1,,
1921-08-31,,,,,16.1,,
1921-09-30,,,,,16.1,,
1921-10-31,,,,,16.2,,
1921-11-30,,,,,16.2,,
1921-12-31,,,,,16.0,,
1922-01-31,,,,,15.7,,
1922-02-28,,,,,16.0,,
1922-03-31,,,,,16.0,,
1922-04-30,,,,,16.1,,
1922-05-31,,,,,16.6,,
1922-06-30,,,,,16.6,,
1922-07-31,,,,,17.1,,
1922-08-31,,,,,17.0,,
1922-09-30,,,,,17.1,,
1922-10-31,,,,,17.2,,
1922-11-30,,,,,17.3,,
1922-12-31,,,,,17.3,,
1923-01-31,,,,,17.6,,
1923-02-28,,,,,17.8,,
1923-03-31,,,,,18.0,,
1923-04-30,,,,,17.9,,
1923-05-31,,,,,17.5,,
1923-06-30,,,,,17.3,,
1923-07-31,,,,,17.0,,
1923-08-31,,,,,16.9,,
1923-09-30,,,,,17.2,,
1923-10-31,,,,,17.1,,
1923-11-30,,,,,17.0,,
1923-12-31,,,,,16.9,,
1924-01-31,,,,,17.2,,
1924-02-29,,,,,17.2,,
1924-03-31,,,,,17.0,,
1924-04-30,,,,,16.7,,
1924-05-31,,,,,16.5,,
1924-06-30,,,,,16.4,,
1924-07-31,,,,,16.5,,
1924-08-31,,,,,16.7,,
1924-09-30,,,,,16.7,,
1924-10-31,,,,,16.9,,
1924-11-30,,,,,17.1,,
1924-12-31,,,,,17.5,,
1925-01-31,,,,,17.7,,
1925-02-28,,,,,17.9,,
1925-03-31,,,,,17.9,,
1925-04-30,,,,,17.5,,
1925-05-31,,,,,17.5,,
1925-06-30,,,,,17.7,,
1925-07-31,,,,,18.0,,
1925-08-31,,,,,17.9,,
1925-09-30,,,,,17.8,,
1925-10-31,,,,,17.8,,
1925-11-30,,,,,18.0,,
1925-12-31,,,,,17.8,,
1926-01-31,,,,,17.8,,
1926-02-28,,,,,17.6,,
1926-03-31,,,,,17.3,,
1926-04-30,,,,,17.3,,
1926-05-31,,,,,17.3,,
1926-06-30,,,,,17.3,,
1926-07-31,,,,,17.1,,
1926-08-31,,,,,17.1,,
1926-09-30,,,,,17.2,,
1926-10-31,,,,,17.1,,
1926-11-30,,,,,17.0,,
1926-12-31,,,,,16.9,,
1927-01-31,,,,,16.4,,
1927-02-28,,,,,16.6,,
1927-03-31,,,,,16.5,,
1927-04-30,,,,,16.3,,
1927-05-31,,,,,16.2,,
1927-06-30,,,,,16.2,,
1927-07-31,,,,,16.2,,
1927-08-31,,,,,16.4,,
1927-09-30,,,,,16.6,,
1927-10-31,,,,,16.7,,
1927-11-30,,,,,16.6,,
1927-12-31,,,,,16.6,,
1928-01-31,,,,,16.6,,
1928-02-29,,,,,16.5,,
1928-03-31,,,,,16.5,,
1928-04-30,,,,,16.7,,
1928-05-31,,,,,16.8,,
1928-06-30,,,,,16.7,,
1928-07-31,,,,,16.8,,
1928-08-31,,,,,16.8,,
1928-09-30,,,,,17.0,,
1928-10-31,,,,,16.7,,
1928-11-30,,,,,16.5,,
1928-12-31,,,,,16.5,,
1929-01-31,,,,,16.5,,
1929-02-28,,,,,16.4,,
1929-03-31,,,,,16.6,,
1929-04-30,,,,,16.5,,
1929-05-31,,,,,16.3,,
1929-06-30,,,,,16.4,,
1929-07-31,,,,,16.6,,
1929-08-31,,,,,16.6,,
1929-09-30,,,,,16.6,,
1929-10-31,,,,,16.4,,
1929-11-30,,,,,16.1,,
1929-12-31,,,,,16.1,,
1930-01-31,,,,,15.9,,
1930-02-28,,,,,15.7,,
1930-03-31,,,,,15.5,,
1930-04-30,,,,,15.5,,
1930-05-31,,,,,15.3,,
1930-06-30,,,,,15.0,,
1930-07-31,,,,,14.5,,
1930-08-31,,,,,14.5,,
1930-09-30,,,,,14.5,,
1930-10-31,,,,,14.3,,
1930-11-30,,,,,14.0,,
1930-12-31,,,,,13.7,,
1931-01-31,,,,,13.5,,
1931-02-28,,,,,13.2,,
1931-03-31,,,,,13.1,,
1931-04-30,,,,,12.9,,
1931-05-31,,,,,12.6,,
1931-06-30,,,,,12.4,,
1931-07-31,,,,,12.4,,
1931-08-31,,,,,12.4,,
1931-09-30,,,,,12.3,,
1931-10-31,,,,,12.1,,
1931-11-30,,,,,12.1,,
1931-12-31,,,,,11.8,,
1932-01-31,,,,,11.6,,
1932-02-29,,,,,11.4,,
1932-03-31,,,,,11.4,,
1932-04-30,,,,,11.3,,
1932-05-31,,,,,11.1,,
1932-06-30,,,,,11.0,,
1932-07-31,,,,,11.1,,
1932-08-31,,,,,11.2,,
1932-09-30,,,,,11.3,,
1932-10-31,,,,,11.1,,
1932-11-30,,,,,11.0,,
1932-12-31,,,,,10.8,,
1933-01-31,,,,,10.5,,
1933-02-28,,,,,10.3,,
1933-03-31,,,,,10.4,,
1933-04-30,,,,,10.4,,
1933-05-31,,,,,10.8,,
1933-06-30,,,,,11.2,,
1933-07-31,,,,,11.9,,
1933-08-31,,,,,12.0,,
1933-09-30,,,,,12.2,,
1933-10-31,,,,,12.3,,
1933-11-30,,,,,12.3,,
1933-12-31,,,,,12.2,,
1934-01-31,,,,,12.4,,
1934-02-28,,,,,12.7,,
1934-03-31,,,,,12.7,,
1934-04-30,,,,,12.7,,
1934-05-31,,,,,12.7,,
1934-06-30,,,,,12.9,,
1934-07-31,,,,,12.9,,
1934-08-31,,,,,13.2,,
1934-09-30,,,,,13.4,,
1934-10-31,,,,,13.2,,
1934-11-30,,,,,13.2,,
1934-12-31,,,,,13.3,,
1935-01-31,,,,,13.6,,
1935-02-28,,,,,13.7,,
1935-03-31,,,,,13.7,,
1935-04-30,,,,,13.8,,
1935-05-31,,,,,13.8,,
1935-06-30,,,,,13.8,,
1935-07-31,,,,,13.7,,
1935-08-31,,,,,13.9,,
1935-09-30,,,,,13.9,,
1935-10-31,,,,,13.9,,
1935-11-30,,,,,13.9,,
1935-12-31,,,,,14.0,,
1936-01-31,,,,,13.9,,
1936-02-29,,,,,13.9,,
1936-03-31,,,,,13.7,,
1936-04-30,,,,,13.7,,
1936-05-31,,,,,13.5,,
1936-06-30,,,,,13.7,,
1936-07-31,,,,,13.9,,
1936-08-31,,,,,14.0,,
1936-09-30,,,,,14.0,,
1936-10-31,,,,,14.0,,
1936-11-30,,,,,14.2,,
1936-12-31,,,,,14.5,,
1937-01-31,,,,,14.8,,
1937-02-28,,,,,14.9,,
1937-03-31,,,,,15.1,,
1937-04-30,,,,,15.2,,
1937-05-31,,,,,15.1,,
1937-06-30,,,,,15.0,,
1937-07-31,,,,,15.2,,
1937-08-31,,,,,15.1,,
1937-09-30,,,,,15.1,,
1937-10-31,,,,,14.7,,
1937-11-30,,,,,14.4,,
1937-12-31,,,,,14.1,,
1938-01-31,,,,,14.0,,
1938-02-28,,,,,13.8,,
1938-03-31,,,,,13.7,,
1938-04-30,,,,,13.5,,
1938-05-31,,,,,13.5,,
1938-06-30,,,,,13.5,,
1938-07-31,,,,,13.6,,
1938-08-31,,,,,13.4,,
1938-09-30,,,,,13.5,,
1938-10-31,,,,,13.4,,
1938-11-30,,,,,13.4,,
1938-12-31,,,,,13.3,,
1939-01-31,,,,,13.3,,
1939-02-28,,,,,13.3,,
1939-03-31,,,,,13.2,,
1939-04-30,,,,,13.1,,
1939-05-31,,,,,13.1,,
1939-06-30,,,,,13.0,,
1939-07-31,,,,,13.0,,
1939-08-31,,,,,12.9,,
1939-09-30,,,,,13.6,,
1939-10-31,,,,,13.7,,
1939-11-30,,,,,13.6,,
1939-12-31,,,,,13.7,,
1940-01-31,,,,,13.7,,
1940-02-29,,,,,13.6,,
1940-03-31,,,,,13.5,,
1940-04-30,,,,,13.5,,
1940-05-31,,,,,13.5,,
1940-06-30,,,,,13.4,,
1940-07-31,,,,,13.4,,
1940-08-31,,,,,13.4,,
1940-09-30,,,,,13.4,,
1940-10-31,,,,,13.6,,
1940-11-30,,,,,13.7,,
1940-12-31,,,,,13.8,,
1941-01-31,,,,,13.9,,
1941-02-28,,,,,13.9,,
1941-03-31,,,,,14.0,,
1941-04-30,,,,,14.4,,
1941-05-31,,,,,14.6,,
1941-06-30,,,,,15.0,,
1941-07-31,,,,,15.3,,
1941-08-31,,,,,15.6,,
1941-09-30,,,,,15.8,,
1941-10-31,,,,,15.9,,
1941-11-30,,,,,15.9,,
1941-12-31,,,,,16.2,,
1942-01-31,,,,,16.5,,
1942-02-28,,,,,16.7,,
1942-03-31,,,,,16.8,,
1942-04-30,,,,,17.0,,
1942-05-31,,,,,17.0,,
1942-06-30,,,,,17.0,,
1942-07-31,,,,,17.0,,
1942-08-31,,,,,17.1,,
1942-09-30,,,,,17.2,,
1942-10-31,,,,,17.2,,
1942-11-30,,,,,17.3,,
1942-12-31,,,,,17.4,,
1943-01-31,,,,,17.5,,
1943-02-28,,,,,17.7,,
1943-03-31,,,,,17.8,,
1943-04-30,,,,,17.9,,
1943-05-31,,,,,17.9,,
1943-06-30,,,,,17.9,,
1943-07-31,,,,,17.8,,
1943-08-31,,,,,17.8,,
1943-09-30,,,,,17.8,,
1943-10-31,,,,,17.8,,
1943-11-30,,,,,17.7,,
1943-12-31,,,,,17.8,,
1944-01-31,,,,,17.8,,
1944-02-29,,,,,17.8,,
1944-03-31,,,,,17.9,,
1944-04-30,,,,,17.9,,
1944-05-31,,,,,17.9,,
1944-06-30,,,,,18.0,,
1944-07-31,,,,,17.9,,
1944-08-31,,,,,17.9,,
1944-09-30,,,,,17.9,,
1944-10-31,,,,,17.9,,
1944-11-30,,,,,18.0,,
1944-12-31,,,,,18.0,,
1945-01-31,,,,,18.1,,
1945-02-28,,,,,18.1,,
1945-03-31,,,,,18.1,,
1945-04-30,,,,,18.2,,
1945-05-31,,,,,18.3,,
1945-06-30,,,,,18.3,,
1945-07-31,,,,,18.3,,
1945-08-31,,,,,18.2,,
1945-09-30,,,,,18.1,,
1945-10-31,,,,,18.2,,
1945-11-30,,,,,18.4,,
1945-12-31,,,,,18.4,,
1946-01-31,,,,,18.4,,
1946-02-28,,,,,18.5,,
1946-03-31,,,,,18.8,,
1946-04-30,,,,,19.0,,
1946-05-31,,,,,19.1,,
1946-06-30,,,,,19.4,,
1946-07-31,,,,,21.5,,
1946-08-31,,,,,22.2,,
1946-09-30,,,,,21.4,,
1946-10-31,,,,,23.1,,
1946-11-30,,,,,24.1,,
1946-12-31,,,,,24.3,,
1947-01-31,21.48,,,,24.5,,
1947-02-28,21.62,,,,24.7,,
1947-03-31,22.0,,,,25.3,,
1947-04-30,22.0,,,,25.1,,
1947-05-31,21.95,,,,25.0,,
1947-06-30,22.08,,,,25.0,,
1947-07-31,22.23,,,,25.3,,
1947-08-31,22.4,,,,25.6,,
1947-09-30,22.84,,,,26.1,,
1947-10-31,22.91,,,,26.4,,
1947-11-30,23.06,,,,26.7,,
1947-12-31,23.41,,,,27.2,,
1948-01-31,23.68,,0.0928509154315606,,27.7,,3.4
1948-02-29,23.67,,,,27.2,,3.8
1948-03-31,23.5,,,,27.2,,4.0
1948-04-30,23.82,,0.1081400832628636,,27.4,,3.9
1948-05-31,24.01,,,,27.5,,3.5
1948-06-30,24.15,,,,27.7,,3.6
1948-07-31,24.4,,0.1186409439669853,,28.0,,3.6
1948-08-31,24.43,,,,28.2,,3.9
1948-09-30,24.36,,,,28.1,,3.8
1948-10-31,24.31,,0.079389401143429,,27.8,,3.7
1948-11-30,24.16,,,,27.8,,3.8
1948-12-31,24.05,,,,27.6,,4.0
1949-01-31,24.01,,0.034966245456119,,27.3,,4.3
1949-02-28,23.91,,,,26.8,,4.7
1949-03-31,23.91,,,,26.8,,5.0
1949-04-30,23.92,,-0.0044612884171598,,26.5,,5.3
1949-05-31,23.91,,,,26.3,,6.1
1949-06-30,23.92,,,,26.0,,6.2
1949-07-31,23.7,,-0.022589865184315,,26.0,,6.7
1949-08-31,23.7,,,,26.0,,6.8
1949-09-30,23.75,,,,26.1,,6.6
1949-10-31,23.67,,-0.0347367369795195,,26.0,,7.9
1949-11-30,23.7,,,,26.0,,6.4
1949-12-31,23.61,,,,25.9,,6.6
1950-01-31,23.51,,0.0210664863253269,,25.9,,6.5
1950-02-28,23.61,,,,26.1,,6.4
1950-03-31,23.64,,,,26.1,,6.3
1950-04-30,23.65,,0.0701379394216346,,26.1,,5.8
1950-05-31,23.77,,,,26.4,,5.5
1950-06-30,23.88,,,,26.6,,5.4
1950-07-31,24.07,,0.1292247030844042,,27.3,,5.0
1950-08-31,24.2,,,,27.9,,4.5
1950-09-30,24.34,,,,28.4,,4.4
1950-10-31,24.5,,0.1822360666156739,,28.6,,4.2
1950-11-30,24.6,,,,29.0,,4.2
1950-12-31,24.98,,,,29.7,,4.3
1951-01-31,25.38,,0.196461891264404,,30.5,,3.7
1951-02-28,25.83,,,,30.9,,3.4
1951-03-31,25.88,,,,30.9,,3.4
1951-04-30,25.92,,0.1849522871517961,,30.8,,3.1
1951-05-31,25.99,,,,30.7,,3.0
1951-06-30,25.93,,,,30.5,,3.2
1951-07-31,25.91,,0.1402939448910118,,30.3,,3.1
1951-08-31,25.86,,,,30.1,,3.1
1951-09-30,26.03,,,,30.1,,3.3
1951-10-31,26.16,,0.1132475894294331,,30.1,,3.5
1951-11-30,26.32,,,,30.1,,3.5
1951-12-31,26.47,,,,30.1,,3.1
1952-01-31,26.45,,0.070892857142857,,30.0,,3.2
1952-02-29,26.41,,,,29.8,,3.1
1952-03-31,26.39,,,,29.8,,2.9
1952-04-30,26.46,,0.0492313057630271,,29.6,,2.9
1952-05-31,26.47,,,,29.6,,3.0
1952-06-30,26.53,,,,29.5,,3.0
1952-07-31,26.68,,0.0464333992629169,,29.6,,3.2
1952-08-31,26.69,,,,29.8,,3.4
1952-09-30,26.63,,,,29.6,,3.1
1952-10-31,26.69,,0.0691620481893884,,29.5,,3.0
1952-11-30,26.69,,,,29.3,,2.8
1952-12-31,26.71,,,,29.1,,2.7
1953-01-31,26.64,,0.0782613528986715,,29.1,,2.9
1953-02-28,26.59,,,,29.1,,2.6
1953-03-31,26.63,,,,29.2,,2.6
1953-04-30,26.69,,0.0850871118743596,,29.0,,2.7
1953-05-31,26.7,,,,29.1,,2.5
1953-06-30,26.77,,,,29.0,,2.5
1953-07-31,26.79,,0.063829035003984,,29.4,,2.6
1953-08-31,26.85,,,,29.3,,2.7
1953-09-30,26.89,,,,29.4,,2.9
1953-10-31,26.95,,0.0135447412371458,,29.2,,3.1
1953-11-30,26.85,,,,29.1,,3.5
1953-12-31,26.87,,,,29.2,,4.5
1954-01-31,26.94,,-0.0067915871952162,,29.4,,4.9
1954-02-28,26.99,,,,29.3,,5.2
1954-03-31,26.93,,,,29.3,,5.7
1954-04-30,26.86,,-0.0143663417136994,,29.4,,5.9
1954-05-31,26.93,,,,29.4,,5.9
1954-06-30,26.94,,,,29.2,,5.6
1954-07-31,26.86,,-0.0004473746775707,,29.3,,5.8
1954-08-31,26.85,,,,29.3,,6.0
1954-09-30,26.81,,,,29.2,,6.1
1954-10-31,26.72,,0.0356608026530558,,29.1,,5.7
1954-11-30,26.78,,,,29.2,,5.3
1954-12-31,26.77,,,,29.0,,5.0
1955-01-31,26.77,,0.0719562989009847,,29.2,,4.9
1955-02-28,26.82,,,,29.3,,4.7
1955-03-31,26.79,,,,29.2,,4.6
1955-04-30,26.79,,0.0917095936247964,,29.3,,4.7
1955-05-31,26.77,,,,29.1,,4.3
1955-06-30,26.71,,,,29.3,,4.2
1955-07-31,26.76,,0.1003207193935489,,29.3,,4.0
1955-08-31,26.72,,,,29.4,,4.2
1955-09-30,26.85,,,,29.6,,4.1
1955-10-31,26.82,,0.0934571490040876,,29.6,,4.3
1955-11-30,26.88,,,,29.5,,4.2
1955-12-31,26.87,,,,29.5,,4.2
1956-01-31,26.83,,0.0645721216346748,,29.7,,4.0
1956-02-29,26.86,,,,29.8,,3.9
1956-03-31,26.89,,,,29.9,,4.2
1956-04-30,26.93,,0.0580691382860614,,30.1,,4.0
1956-05-31,27.03,,,,30.3,,4.3
1956-06-30,27.15,,,,30.3,,4.3
1956-07-31,27.29,,0.048742390538816,,30.2,,4.4
1956-08-31,27.31,,,,30.4,,4.1
1956-09-30,27.35,,,,30.6,,3.9
1956-10-31,27.51,,0.0534692925059256,,30.6,,3.9
1956-11-30,27.51,,,,30.7,,4.3
1956-12-31,27.63,,,,30.8,,4.2
1957-01-31,27.67,,0.0682962437407048,,31.0,,4.2
1957-02-28,27.8,,,,31.0,,3.9
1957-03-31,27.86,,,,31.0,,3.7
1957-04-30,27.93,,0.0583282886033944,,31.1,,3.9
1957-05-31,28.0,,,,31.0,,4.1
1957-06-30,28.11,,,,31.1,,4.3
1957-07-31,28.19,,0.0627206659707309,,31.3,,4.2
1957-08-31,28.28,,,,31.4,,4.1
1957-09-30,28.32,,,,31.3,,4.4
1957-10-31,28.32,,0.0312750427287316,,31.2,,4.5
1957-11-30,28.41,,,,31.3,,5.1
1957-12-31,28.47,,,,31.4,,5.2
1958-01-31,28.64,,-0.0047660708545932,,31.5,,5.8
1958-02-28,28.7,,,,31.5,,6.4
1958-03-31,28.87,,,,31.7,,6.7
1958-04-30,28.94,,-9.957099729884789e-05,,31.6,,7.4
1958-05-31,28.94,,,,31.7,,7.4
1958-06-30,28.91,,,,31.6,,7.3
1958-07-31,28.89,,0.0132453231558531,,31.6,,7.5
1958-08-31,28.94,,,,31.6,,7.4
1958-09-30,28.91,,,,31.6,,7.1
1958-10-31,28.91,,0.0519959398901581,,31.5,,6.7
1958-11-30,28.95,,,,31.6,,6.2
1958-12-31,28.97,,,,31.6,,6.2
1959-01-31,29.01,,0.0915215810411942,286.6,31.7,,6.0
1959-02-28,29.0,,,287.7,31.7,,5.9
1959-03-31,28.97,,,289.2,31.7,,5.6
1959-04-30,28.98,,0.1073672925432964,290.1,31.8,,5.2
1959-05-31,29.04,,,292.2,31.8,,5.1
1959-06-30,29.11,,,294.1,31.7,,5.0
1959-07-31,29.15,,0.0806704250979228,295.2,31.7,,5.1
1959-08-31,29.18,,,296.4,31.6,,5.2
1959-09-30,29.25,,,296.7,31.7,,5.5
1959-10-31,29.35,,0.0581417461540771,296.5,31.6,,5.7
1959-11-30,29.35,,,297.1,31.5,,5.8
1959-12-31,29.41,,,297.8,31.5,,5.3
1960-01-31,29.37,,0.0633276507357984,298.2,31.6,,5.2
1960-02-29,29.41,,,298.4,31.6,,4.8
1960-03-31,29.41,,,299.3,31.8,,5.4
1960-04-30,29.54,,0.0352566616856691,300.1,31.8,,5.2
1960-05-31,29.57,,,300.9,31.7,,5.1
1960-06-30,29.61,,,302.3,31.7,,5.4
1960-07-31,29.55,,0.0391784151121643,304.1,31.7,,5.5
1960-08-31,29.61,,,306.9,31.6,,5.6
1960-09-30,29.61,,,308.4,31.6,,5.5
1960-10-31,29.75,,0.0219390843738176,309.5,31.7,,6.1
1960-11-30,29.78,,,310.9,31.7,,6.1
1960-12-31,29.81,,,312.4,31.7,,6.6
1961-01-31,29.84,,0.0043674720997775,314.1,31.8,,6.6
1961-02-28,29.84,,,316.5,31.8,,6.9
1961-03-31,29.84,,,318.3,31.8,,6.9
1961-04-30,29.81,,0.0267335698972424,319.9,31.6,,7.0
1961-05-31,29.84,,,322.2,31.5,,7.1
1961-06-30,29.84,,,324.3,31.3,,6.9
1961-07-31,29.92,,0.0404322548954918,325.6,31.5,,7.0
1961-08-31,29.94,,,327.6,31.5,,6.6
1961-09-30,29.98,,,329.5,31.5,,6.7
1961-10-31,29.98,,0.0748152988631924,331.1,31.5,,6.5
1961-11-30,29.98,,,333.4,31.5,,6.1
1961-12-31,30.01,,,335.5,31.6,,6.0
1962-01-31,30.04,4.1,0.0898961135228562,337.5,31.7,,5.8
1962-02-28,30.11,4.0,,340.1,31.7,,5.5
1962-03-31,30.17,3.86,,343.1,31.7,,5.6
1962-04-30,30.21,3.86,0.0806793329073252,345.5,31.6,,5.6
1962-05-31,30.24,3.9,,347.5,31.5,,5.5
1962-06-30,30.21,4.0,,349.3,31.5,,5.5
1962-07-31,30.22,4.04,0.0728652865075116,350.8,31.6,,5.4
1962-08-31,30.28,3.96,,352.8,31.6,,5.7
1962-09-30,30.42,3.94,,354.9,31.9,,5.6
1962-10-31,30.38,3.92,0.0545424483131591,357.2,31.7,,5.4
1962-11-30,30.38,3.92,,359.8,31.7,,5.7
1962-12-31,30.38,3.85,,362.7,31.6,,5.5
1963-01-31,30.44,3.87,0.0465629540094241,365.2,31.6,,5.7
1963-02-28,30.48,3.94,,367.9,31.5,,5.9
1963-03-31,30.51,3.95,,370.7,31.5,,5.7
1963-04-30,30.48,3.95,0.0489468091131075,373.3,31.4,,5.7
1963-05-31,30.51,3.96,,376.1,31.5,,5.9
1963-06-30,30.61,4.0,,378.4,31.6,,5.6
1963-07-31,30.69,4.0,0.0581534152016247,381.1,31.7,,5.6
1963-08-31,30.75,4.02,,383.6,31.6,,5.4
1963-09-30,30.72,4.07,,386.0,31.6,,5.5
1963-10-31,30.75,4.15,0.06803749918338,388.3,31.6,,5.5
1963-11-30,30.78,4.08,,391.5,31.7,,5.7
1963-12-31,30.88,4.14,,393.2,31.6,,5.5
1964-01-31,30.94,4.15,0.0774524186387677,395.2,31.8,,5.6
1964-02-29,30.91,4.18,,397.6,31.6,,5.4
1964-03-31,30.94,4.23,,399.8,31.6,,5.4
1964-04-30,30.95,4.22,0.0776845488382729,401.7,31.6,,5.3
1964-05-31,30.98,4.19,,404.2,31.5,,5.1
1964-06-30,31.01,4.15,,407.1,31.5,,5.2
1964-07-31,31.02,4.19,0.0738419474772051,410.1,31.6,,4.9
1964-08-31,31.05,4.21,,413.4,31.6,,5.0
1964-09-30,31.08,4.18,,416.9,31.7,,5.1
1964-10-31,31.12,4.16,0.0663380932137296,419.1,31.7,,5.1
1964-11-30,31.21,4.2,,422.0,31.7,,4.8
1964-12-31,31.25,4.21,,424.7,31.7,,5.0
1965-01-31,31.28,4.19,0.0716130554087504,427.5,31.8,,4.9
1965-02-28,31.28,4.22,,430.4,31.9,,5.1
1965-03-31,31.31,4.2,,433.2,31.9,,4.7
1965-04-30,31.38,4.21,0.0759083153325455,435.4,32.0,,4.8
1965-05-31,31.48,4.23,,437.1,32.1,,4.6
1965-06-30,31.61,4.2,,440.1,32.4,,4.6
1965-07-31,31.58,4.22,0.0827881987945626,442.9,32.4,,4.4
1965-08-31,31.55,4.27,,445.8,32.4,,4.4
1965-09-30,31.62,4.35,,449.5,32.4,,4.3
1965-10-31,31.65,4.41,0.1068922544775059,452.6,32.5,,4.2
1965-11-30,31.75,4.48,,455.7,32.6,,4.1
1965-12-31,31.85,4.65,,459.2,32.8,,4.0
1966-01-31,31.88,4.69,0.1085888630379359,462.0,32.9,,4.0
1966-02-28,32.08,5.02,,464.6,33.2,,3.8
1966-03-31,32.18,4.71,,467.2,33.2,,3.8
1966-04-30,32.28,4.79,0.1024252558577138,469.3,33.2,,3.8
1966-05-31,32.35,4.8,,470.1,33.2,,3.9
1966-06-30,32.38,4.97,,471.2,33.3,,3.8
1966-07-31,32.45,5.05,0.0938380378021228,470.9,33.5,,3.8
1966-08-31,32.65,5.36,,472.6,33.6,,3.8
1966-09-30,32.75,5.02,,475.4,33.6,,3.7
1966-10-31,32.85,4.97,0.0796067147152905,475.7,33.4,,3.7
1966-11-30,32.88,5.12,,477.3,33.3,,3.6
1966-12-31,32.92,4.64,,480.2,33.3,,3.8
1967-01-31,32.9,4.52,0.0608695870730671,481.6,33.4,,3.9
1967-02-28,33.0,4.72,,485.1,33.4,,3.8
1967-03-31,33.0,4.5,,489.7,33.3,,3.8
1967-04-30,33.1,4.78,0.0546621597279934,492.1,33.1,,3.8
1967-05-31,33.1,4.81,,497.2,33.3,,3.8
1967-06-30,33.3,5.22,,502.0,33.5,,3.9
1967-07-31,33.4,5.16,0.055628216358929,506.3,33.5,,3.8
1967-08-31,33.5,5.27,,510.8,33.4,,3.8
1967-09-30,33.6,5.31,,514.7,33.4,,3.8
1967-10-31,33.7,5.64,0.0577665720231079,518.2,33.4,,4.0
1967-11-30,33.9,5.74,,521.2,33.4,,3.9
1967-12-31,34.0,5.7,,524.8,33.7,,3.8
1968-01-31,34.1,5.54,0.077255766018693,527.4,33.8,,3.7
1968-02-29,34.2,5.56,,530.4,34.0,,3.8
1968-03-31,34.3,5.76,,533.2,34.1,,3.7
1968-04-30,34.4,5.74,0.1005450050236578,535.7,34.1,,3.5
1968-05-31,34.5,5.86,,538.9,34.2,,3.5
1968-06-30,34.7,5.64,,542.6,34.2,,3.7
1968-07-31,34.9,5.39,0.0989236425332831,545.6,34.3,,3.7
1968-08-31,35.0,5.42,,549.4,34.2,,3.5
1968-09-30,35.1,5.49,,553.6,34.4,,3.4
1968-10-31,35.3,5.61,0.0982382218168245,557.6,34.4,,3.4
1968-11-30,35.4,5.78,,562.4,34.5,,3.4
1968-12-31,35.6,6.16,,566.8,34.6,,3.4
1969-01-31,35.7,6.19,0.0923149330263133,569.3,34.8,,3.4
1969-02-28,35.8,6.26,,571.9,35.0,,3.4
1969-03-31,36.1,6.3,,574.4,35.2,,3.4
1969-04-30,36.3,6.2,0.0799234543166114,575.7,35.3,,3.4
1969-05-31,36.4,6.56,,576.5,35.5,,3.4
1969-06-30,36.6,6.73,,578.5,35.7,,3.5
1969-07-31,36.8,6.66,0.0832235164199508,579.5,35.8,,3.5
1969-08-31,36.9,6.83,,580.1,35.7,,3.5
1969-09-30,37.1,7.51,,582.1,35.8,,3.7
1969-10-31,37.3,6.94,0.0724326725411401,583.4,35.9,,3.7
1969-11-30,37.5,7.29,,585.4,36.1,,3.5
1969-12-31,37.7,7.88,,587.9,36.3,,3.5
1970-01-31,37.9,7.75,0.0582511272609396,589.6,36.5,,3.9
1970-02-28,38.1,6.9,,586.3,36.7,,4.2
1970-03-31,38.3,7.08,,587.3,36.7,,4.4
1970-04-30,38.5,7.82,0.0578333432439397,588.4,36.8,,4.6
1970-05-31,38.6,7.95,,591.5,36.8,,4.8
1970-06-30,38.8,7.68,,595.2,36.9,,4.9
1970-07-31,38.9,7.38,0.0544712589664024,599.1,37.1,,5.0
1970-08-31,39.0,7.49,,604.9,36.9,,5.1
1970-09-30,39.2,7.29,,611.2,37.1,,5.4
1970-10-31,39.4,7.33,0.0486067965326684,616.4,37.1,,5.5
1970-11-30,39.6,6.49,,621.1,37.1,,5.9
1970-12-31,39.8,6.5,,626.5,37.1,,6.1
1971-01-31,39.9,6.09,0.0798668188736682,632.9,37.3,,5.9
1971-02-28,39.9,6.14,,641.0,37.7,,5.9
1971-03-31,40.0,5.53,,649.9,37.8,,6.0
1971-04-30,40.1,6.08,0.0832846937580513,658.4,37.9,,5.9
1971-05-31,40.3,6.38,,666.7,38.1,,5.9
1971-06-30,40.5,6.7,,673.0,38.2,,5.9
1971-07-31,40.6,6.85,0.0843563747457549,679.6,38.3,,6.0
1971-08-31,40.7,6.28,,685.5,38.5,,6.1
1971-09-30,40.8,6.0,,692.5,38.3,,6.0
1971-10-31,40.9,5.87,0.0934119536141568,698.4,38.3,,5.8
1971-11-30,41.0,5.93,,704.6,38.3,,6.0
1971-12-31,41.1,5.89,,710.3,38.6,,6.0
1972-01-31,41.2,6.09,0.0840880020014869,717.7,38.8,,5.8
1972-02-29,41.4,6.04,,725.7,39.2,,5.7
1972-03-31,41.4,6.12,,733.5,39.2,,5.8
1972-04-30,41.5,6.14,0.0952181625241832,738.4,39.3,,5.7
1972-05-31,41.6,6.05,,743.3,39.5,,5.7
1972-06-30,41.7,6.15,,749.7,39.7,,5.7
1972-07-31,41.8,6.12,0.0958592141295349,759.5,40.0,,5.6
1972-08-31,41.9,6.42,,768.7,40.1,,5.6
1972-09-30,42.1,6.54,,778.3,40.2,,5.5
1972-10-31,42.2,6.41,0.1164474076638015,786.9,40.1,,5.6
1972-11-30,42.4,6.28,,793.9,40.3,,5.3
1972-12-31,42.5,6.41,,802.3,41.1,,5.2
1973-01-31,42.7,6.54,0.1193563512049726,810.3,41.6,,4.9
1973-02-28,43.0,6.64,,814.1,42.4,,5.0
1973-03-31,43.4,6.73,,815.3,43.4,,4.9
1973-04-30,43.7,6.7,0.1164889538515234,819.7,43.6,,5.0
1973-05-31,43.9,6.93,,826.8,44.5,,4.9
1973-06-30,44.2,6.94,,833.3,45.5,,4.9
1973-07-31,44.2,7.43,0.111014857047218,836.5,44.9,,4.8
1973-08-31,45.0,7.25,,838.8,47.5,,4.8
1973-09-30,45.2,6.9,,839.3,46.7,,4.8
1973-10-31,45.6,6.71,0.1109071836641322,842.6,46.3,,4.6
1973-11-30,45.9,6.69,,848.9,46.5,,4.8
1973-12-31,46.3,6.9,,855.5,47.4,,4.9
1974-01-31,46.8,7.0,0.082555227261178,859.7,49.0,,5.1
1974-02-28,47.3,7.01,,864.2,50.0,,5.2
1974-03-31,47.8,7.41,,870.1,50.6,,5.1
1974-04-30,48.1,7.66,0.0821628602568664,872.9,51.0,,5.1
1974-05-31,48.6,7.52,,874.6,51.8,,5.1
1974-06-30,49.0,7.64,,877.8,52.0,,5.4
1974-07-31,49.3,7.89,0.0880071528303756,881.4,54.0,,5.5
1974-08-31,49.9,8.11,,884.1,55.9,,5.5
1974-09-30,50.6,7.94,,887.9,55.9,,5.9
1974-10-31,51.0,7.79,0.0835811958227692,893.3,56.9,,6.0
1974-11-30,51.5,7.64,,898.6,57.4,,6.6
1974-12-31,51.9,7.4,,902.1,57.3,,7.2
1975-01-31,52.3,7.53,0.0837622358770635,906.3,57.4,,8.1
1975-02-28,52.6,7.46,,914.1,57.2,,8.1
1975-03-31,52.8,8.01,,925.0,56.9,,8.6
1975-04-30,53.0,8.31,0.0796029687802277,935.1,57.5,,8.8
1975-05-31,53.1,8.04,,947.9,57.9,,9.0
1975-06-30,53.5,7.96,,963.0,58.0,,8.8
1975-07-31,54.0,8.2,0.0960201945352192,975.1,58.7,,8.6
1975-08-31,54.2,8.22,,983.1,59.0,,8.4
1975-09-30,54.6,8.48,,991.5,59.4,,8.4
1975-10-31,54.9,7.91,0.1013653364206192,997.8,59.8,,8.4
1975-11-30,55.3,8.14,,1006.9,59.5,,8.3
1975-12-31,55.6,7.76,,1016.2,59.7,,8.2
1976-01-31,55.8,7.8,0.1264581255305932,1026.6,59.9,,7.9
1976-02-29,55.9,7.77,,1040.3,59.9,,7.7
1976-03-31,56.0,7.66,,1050.0,60.0,,7.6
1976-04-30,56.1,7.67,0.1213661264047103,1060.8,60.6,,7.7
1976-05-31,56.4,7.96,,1072.1,60.8,,7.4
1976-06-30,56.7,7.86,,1077.6,61.2,0.84,7.6
1976-07-31,57.0,7.86,0.1033664362330537,1086.3,61.6,1.12,7.8
1976-08-31,57.3,7.66,,1098.7,61.4,1.16,7.8
1976-09-30,57.6,7.55,,1110.8,61.8,1.22,7.6
1976-10-31,57.9,7.42,0.0978765840764523,1125.0,61.9,1.39,7.7
1976-11-30,58.1,7.01,,1138.2,62.0,1.59,7.8
1976-12-31,58.4,6.81,,1152.0,62.5,1.47,7.8
1977-01-31,58.7,7.4,0.0923714368737596,1165.2,62.8,1.22,7.5
1977-02-28,59.3,7.45,,1177.6,63.5,1.37,7.6
1977-03-31,59.6,7.42,,1188.5,64.1,1.41,7.4
1977-04-30,60.0,7.45,0.1099030843282953,1199.6,64.9,1.31,7.2
1977-05-31,60.2,7.38,,1209.0,65.2,1.2,7.0
1977-06-30,60.5,7.2,,1217.8,65.0,1.12,7.2
1977-07-31,60.8,7.42,0.122930225309797,1226.7,65.1,0.92,6.9
1977-08-31,61.1,7.28,,1237.0,65.0,0.69,7.0
1977-09-30,61.3,7.41,,1246.2,65.3,0.59,6.8
1977-10-31,61.6,7.62,0.1189061730169422,1254.0,65.6,0.39,6.8
1977-11-30,62.0,7.55,,1262.4,65.8,0.44,6.8
1977-12-31,62.3,7.78,,1270.3,66.2,0.56,6.4
1978-01-31,62.7,7.94,0.1076671185649749,1279.7,66.8,0.47,6.4
1978-02-28,63.0,8.04,,1285.5,67.5,0.47,6.3
1978-03-31,63.4,8.15,,1292.2,68.1,0.45,6.3
1978-04-30,63.9,8.24,0.1341129398236982,1300.4,69.0,0.27,6.1
1978-05-31,64.5,8.42,,1310.5,69.5,0.3,6.0
1978-06-30,65.0,8.62,,1318.5,70.0,0.14,5.9
1978-07-31,65.5,8.56,0.1305563016380193,1324.1,70.4,0.09,6.2
1978-08-31,65.9,8.39,,1333.5,70.4,-0.07,5.9
1978-09-30,66.5,8.56,,1345.0,71.0,-0.14,6.0
1978-10-31,67.1,8.96,0.1444731941948094,1352.3,71.8,-0.53,5.8
1978-11-30,67.5,8.86,,1359.1,72.1,-0.69,5.9
1978-12-31,67.9,9.15,,1366.0,72.7,-0.83,6.0
1979-01-31,68.5,8.95,0.1470201020537869,1371.6,73.8,-0.69,5.9
1979-02-28,69.2,9.17,,1377.8,74.9,-0.72,5.9
1979-03-31,69.9,9.11,,1387.8,75.8,-0.61,5.8
1979-04-30,70.6,9.35,0.1113442810253586,1402.1,76.9,-0.56,5.8
1979-05-31,71.4,9.06,,1410.2,77.5,-0.5,5.6
1979-06-30,72.2,8.81,,1423.0,78.0,-0.16,5.7
1979-07-31,73.0,9.01,0.1137811981613767,1434.8,79.2,-0.3,5.7
1979-08-31,73.7,9.24,,1446.6,79.6,-0.6,6.0
1979-09-30,74.4,9.44,,1454.1,80.9,-0.66,5.9
1979-10-31,75.2,10.72,0.0996928075628524,1460.4,82.1,-1.34,6.0
1979-11-30,76.0,10.38,,1465.9,82.6,-0.95,5.9
1979-12-31,76.9,10.33,,1473.7,83.4,-0.9,6.0
1980-01-31,78.0,11.13,0.1041838669204981,1482.7,85.2,-0.62,6.3
1980-02-29,79.0,12.72,,1494.6,86.9,-2.01,6.3
1980-03-31,80.1,12.64,,1499.8,87.5,-1.99,6.3
1980-04-30,80.9,10.76,0.0795389246953302,1502.2,87.8,-0.05,6.9
1980-05-31,81.7,10.25,,1512.3,88.3,1.0,7.5
1980-06-30,82.5,10.09,,1529.2,88.7,1.12,7.6
1980-07-31,82.6,10.76,0.070820392380317,1545.5,90.3,1.04,7.8
1980-08-31,83.2,11.55,,1561.5,91.5,0.19,7.7
1980-09-30,83.9,11.86,,1574.0,91.7,-0.27,7.5
1980-10-31,84.7,12.46,0.096066534428975,1584.8,92.8,-0.62,7.5
1980-11-30,85.6,12.72,,1595.8,93.2,-1.41,7.5
1980-12-31,86.4,12.43,,1599.8,93.8,-0.63,7.2
1981-01-31,87.2,12.68,0.1198505148320228,1606.9,95.2,-0.58,7.5
1981-02-28,88.0,13.43,,1618.7,96.1,-0.65,7.4
1981-03-31,88.6,13.13,,1636.6,97.0,-0.04,7.4
1981-04-30,89.1,14.11,0.1305448867357417,1659.2,98.0,-0.73,7.2
1981-05-31,89.7,13.5,,1664.2,98.3,-0.9,7.5
1981-06-30,90.5,13.86,,1670.3,98.5,-0.8,7.5
1981-07-31,91.5,14.67,0.1414767740609692,1681.9,99.0,-1.17,7.2
1981-08-31,92.2,15.41,,1694.3,99.0,-1.32,7.4
1981-09-30,93.1,15.84,,1706.0,98.8,-0.85,7.6
1981-10-31,93.4,14.63,0.0988964538275438,1721.8,98.9,0.04,7.9
1981-11-30,93.8,13.13,,1736.1,98.8,0.77,8.3
1981-12-31,94.1,13.98,,1755.5,98.8,0.35,8.5
1982-01-31,94.4,14.14,0.0480429267468278,1770.4,99.7,-0.1,8.6
1982-02-28,94.7,14.03,,1774.5,99.8,-0.41,8.9
1982-03-31,94.7,14.18,,1786.5,99.6,-0.34,9.0
1982-04-30,95.0,13.87,0.053577323486371,1803.9,99.6,-0.12,9.3
1982-05-31,95.9,13.71,,1815.4,99.8,0.09,9.4
1982-06-30,97.0,14.44,,1826.0,100.0,-0.22,9.6
1982-07-31,97.5,13.68,0.0324212440068711,1831.5,100.4,0.51,9.8
1982-08-31,97.7,12.81,,1845.2,100.3,0.82,9.8
1982-09-30,97.7,11.73,,1858.4,100.0,0.5,10.1
1982-10-31,98.1,10.71,0.0371075140407057,1869.7,100.2,0.86,10.4
1982-11-30,98.0,10.79,,1883.7,100.3,0.83,10.8
1982-12-31,97.7,10.36,,1905.9,100.5,0.88,10.8
1983-01-31,97.9,10.8,0.0608102123750344,1959.4,100.2,1.22,10.4
1983-02-28,98.0,10.27,,1996.8,100.5,0.96,10.4
1983-03-31,98.1,10.62,,2015.2,100.4,0.75,10.3
1983-04-30,98.8,10.27,0.0740930596055429,2028.6,100.4,0.92,10.2
1983-05-31,99.2,10.81,,2043.1,100.8,0.79,10.1
1983-06-30,99.4,10.96,,2053.5,101.0,0.73,10.1
1983-07-31,99.8,11.76,0.0959079375056812,2064.8,101.3,0.73,9.4
1983-08-31,100.1,11.98,,2074.0,101.8,0.8,9.5
1983-09-30,100.4,11.44,,2083.2,102.0,0.91,9.2
1983-10-31,100.8,11.74,0.1152499543726035,2099.2,102.2,1.13,8.8
1983-11-30,101.1,11.63,,2112.3,102.1,0.96,8.5
1983-12-31,101.4,11.82,,2123.5,102.3,0.97,8.3
1984-01-31,102.1,11.67,0.1251336941503933,2138.2,102.9,1.09,8.0
1984-02-29,102.6,12.04,,2158.2,103.2,1.05,7.8
1984-03-31,102.9,12.53,,2175.2,103.9,0.93,7.8
1984-04-30,103.3,12.82,0.1203607976644998,2191.7,104.0,0.93,7.7
1984-05-31,103.5,13.91,,2204.1,104.1,0.91,7.4
1984-06-30,103.7,13.84,,2215.1,104.0,0.67,7.2
1984-07-31,104.1,12.91,0.1070891382608434,2223.5,104.2,0.34,7.5
1984-08-31,104.4,12.79,,2230.4,103.8,0.25,7.5
1984-09-30,104.7,12.47,,2244.4,103.4,0.4,7.3
1984-10-31,105.1,11.79,0.0932470130755849,2258.9,103.4,0.7,7.4
1984-11-30,105.3,11.58,,2281.4,103.7,1.08,7.2
1984-12-31,105.5,11.55,,2306.4,103.5,1.53,7.3
1985-01-31,105.7,11.17,0.0824231190254791,2332.4,103.4,1.27,7.3
1985-02-28,106.3,11.91,,2354.1,103.3,1.25,7.2
1985-03-31,106.8,11.65,,2366.2,103.1,1.22,7.2
1985-04-30,107.0,11.41,0.0711507204831602,2375.4,103.3,1.5,7.3
1985-05-31,107.2,10.28,,2389.5,103.5,1.36,7.2
1985-06-30,107.5,10.25,,2412.6,103.3,1.58,7.4
1985-07-31,107.7,10.57,0.074070637203893,2429.5,103.2,1.56,7.4
1985-08-31,107.9,10.28,,2444.0,102.7,1.32,7.1
1985-09-30,108.1,10.31,,2456.4,102.1,1.43,7.1
1985-10-31,108.5,10.01,0.0712400546600486,2468.0,102.9,1.31,7.1
1985-11-30,109.0,9.59,,2477.8,103.4,1.13,7.0
1985-12-31,109.5,9.0,,2492.1,103.6,1.02,7.0
1986-01-31,109.9,9.08,0.0656536572542747,2502.1,103.2,1.09,6.7
1986-02-28,109.7,8.13,,2512.9,101.7,0.42,7.2
1986-03-31,109.1,7.39,,2533.1,100.3,0.47,7.2
1986-04-30,108.7,7.38,0.0583142234009883,2557.8,99.6,0.55,7.1
1986-05-31,109.0,8.05,,2584.8,100.0,0.69,7.2
1986-06-30,109.4,7.35,,2605.0,99.9,0.54,7.2
1986-07-31,109.5,7.34,0.0503550103914653,2626.6,99.4,0.77,7.0
1986-08-31,109.6,6.95,,2646.5,99.3,1.01,6.9
1986-09-30,110.0,7.45,,2667.8,99.4,1.07,7.0
1986-10-31,110.2,7.34,0.0480487136410707,2687.4,99.7,1.08,7.0
1986-11-30,110.4,7.15,,2701.3,99.8,0.94,6.9
1986-12-31,110.8,7.23,,2728.0,99.7,0.88,6.6
1987-01-31,111.4,7.18,0.0475303988958035,2743.9,100.5,0.85,6.6
1987-02-28,111.8,7.19,,2747.5,101.0,0.84,6.6
1987-03-31,112.2,7.51,,2753.7,101.2,0.97,6.6
1987-04-30,112.7,8.21,0.0573818460225197,2767.7,101.9,0.83,6.3
1987-05-31,113.0,8.49,,2772.9,102.6,0.8,6.3
1987-06-30,113.5,8.38,,2774.6,103.0,0.9,6.2
1987-07-31,113.8,8.66,0.0600924241736984,2779.0,103.5,1.03,6.1
1987-08-31,114.3,9.0,,2788.2,103.8,1.03,6.0
1987-09-30,114.7,9.63,,2799.5,103.7,1.03,5.9
1987-10-31,115.0,8.88,0.0752243578113918,2814.8,104.1,1.3,6.0
1987-11-30,115.4,8.99,,2818.9,104.2,1.26,5.8
1987-12-31,115.6,8.83,,2826.4,104.2,1.06,5.7
1988-01-31,116.0,8.26,0.074376195957948,2847.4,104.6,1.04,5.7
1988-02-29,116.2,8.16,,2870.4,104.8,1.03,5.7
1988-03-31,116.5,8.57,,2890.7,104.9,1.16,5.7
1988-04-30,117.2,8.87,0.0798716646969721,2910.7,105.8,1.14,5.4
1988-05-31,117.5,9.2,,2926.0,106.5,0.99,5.6
1988-06-30,118.0,8.82,,2938.4,107.2,0.8,5.4
1988-07-31,118.5,9.12,0.0815386457927078,2947.2,107.9,0.73,5.4
1988-08-31,119.0,9.25,,2952.0,108.0,0.54,5.6
1988-09-30,119.5,8.87,,2956.9,108.1,0.44,5.4
1988-10-31,119.9,8.65,0.0781780089992121,2965.3,108.2,0.4,5.4
1988-11-30,120.3,9.06,,2980.2,108.3,0.22,5.3
1988-12-31,120.7,9.14,,2988.2,109.0,0.0,5.3
1989-01-31,121.2,9.01,0.0863096575610855,2991.7,110.5,-0.11,5.4
1989-02-28,121.6,9.32,,2992.2,110.8,-0.23,5.2
1989-03-31,122.2,9.3,,2999.7,111.5,-0.43,5.0
1989-04-30,123.1,9.02,0.0813919209808948,3006.0,112.3,-0.2,5.2
1989-05-31,123.7,8.6,,3011.6,113.2,-0.22,5.2
1989-06-30,124.1,8.1,,3027.9,112.9,0.02,5.3
1989-07-31,124.5,7.82,0.0780887534817953,3052.4,112.8,0.29,5.2
1989-08-31,124.5,8.26,,3074.4,112.0,-0.16,5.2
1989-09-30,124.8,8.31,,3092.5,112.4,-0.15,5.3
1989-10-31,125.4,7.92,0.0643999296973114,3114.1,112.8,0.07,5.3
1989-11-30,125.9,7.84,,3133.3,112.7,0.09,5.4
1989-12-31,126.3,7.93,,3152.5,113.0,0.06,5.4
1990-01-31,127.5,8.43,0.0655836340665181,3166.8,114.9,0.15,5.4
1990-02-28,128.0,8.51,,3179.2,114.4,0.08,5.3
1990-03-31,128.6,8.65,,3190.1,114.2,0.01,5.2
1990-04-30,128.9,9.04,0.0619273570266745,3201.6,114.1,0.08,5.4
1990-05-31,129.1,8.6,,3200.6,114.6,0.1,5.4
1990-06-30,129.9,8.43,,3213.7,114.3,0.19,5.2
1990-07-31,130.5,8.36,0.0561423192367829,3224.5,114.5,0.45,5.5
1990-08-31,131.6,8.86,,3242.0,116.5,0.79,5.7
1990-09-30,132.5,8.82,,3254.6,118.4,0.8,5.9
1990-10-31,133.4,8.65,0.0448034420713814,3259.3,120.8,0.88,5.9
1990-11-30,133.7,8.26,,3262.6,120.1,0.73,6.2
1990-12-31,134.2,8.08,,3271.8,118.7,0.93,6.3
1991-01-31,134.7,8.03,0.0276664860002238,3287.7,119.0,0.98,6.4
1991-02-28,134.8,8.02,,3304.5,117.2,0.98,6.6
1991-03-31,134.8,8.05,,3321.9,116.2,1.03,6.8
1991-04-30,135.1,8.02,0.0279921503724478,3332.4,116.0,1.22,6.7
1991-05-31,135.6,8.06,,3343.0,116.5,1.38,6.9
1991-06-30,136.0,8.24,,3351.9,116.4,1.34,6.9
1991-07-31,136.2,8.2,0.0317235777331641,3356.1,116.1,1.39,6.8
1991-08-31,136.6,7.82,,3355.0,116.2,1.46,6.9
1991-09-30,137.0,7.47,,3354.9,116.1,1.48,6.9
1991-10-31,137.2,7.47,0.0432670361862883,3360.1,116.4,1.77,7.0
1991-11-30,137.8,7.38,,3365.5,116.4,2.0,7.0
1991-12-31,138.2,6.71,,3372.2,115.9,1.94,7.3
1992-01-31,138.3,7.31,0.0543354313659016,3381.2,115.6,2.2,7.3
1992-02-29,138.6,7.27,,3400.0,116.0,2.0,7.4
1992-03-31,139.1,7.54,,3403.9,116.1,1.94,7.4
1992-04-30,139.4,7.61,0.0561300385091094,3399.7,116.3,2.15,7.4
1992-05-31,139.7,7.33,,3398.6,117.2,2.14,7.6
1992-06-30,140.1,7.14,,3393.4,118.0,2.31,7.8
1992-07-31,140.5,6.72,0.0581224076235384,3393.9,117.9,2.3,7.7
1992-08-31,140.8,6.62,,3398.8,117.7,2.47,7.6
1992-09-30,141.1,6.37,,3410.3,118.0,2.57,7.6
1992-10-31,141.7,6.8,0.06644749654404,3423.8,118.1,2.4,7.3
1992-11-30,142.1,6.95,,3426.5,117.8,2.16,7.4
1992-12-31,142.3,6.7,,3424.7,117.6,2.14,7.4
1993-01-31,142.8,6.39,0.0575752203877919,3419.1,118.0,2.19,7.3
1993-02-28,143.1,6.03,,3414.5,118.4,2.11,7.1
1993-03-31,143.3,6.03,,3411.7,118.7,2.07,7.0
1993-04-30,143.8,6.05,0.0522621520831469,3411.3,119.3,2.22,7.1
1993-05-31,144.2,6.16,,3436.9,119.7,1.92,7.1
1993-06-30,144.3,5.8,,3442.4,119.5,1.77,7.0
1993-07-31,144.5,5.83,0.0480393248237569,3442.0,119.2,1.7,6.9
1993-08-31,144.8,5.45,,3445.7,118.7,1.57,6.8
1993-09-30,145.0,5.4,,3452.2,118.7,1.51,6.7
1993-10-31,145.6,5.43,0.0498345782685105,3456.7,119.1,1.44,6.8
1993-11-30,146.0,5.83,,3470.1,119.0,1.61,6.6
1993-12-31,146.3,5.83,,3474.5,118.6,1.58,6.5
1994-01-31,146.3,5.7,0.0573884171075267,3474.9,119.1,1.58,6.6
1994-02-28,146.7,6.15,,3475.7,119.3,1.48,6.6
1994-03-31,147.1,6.77,,3480.1,119.7,1.56,6.5
1994-04-30,147.2,7.06,0.0643260278877515,3481.3,119.7,1.33,6.4
1994-05-31,147.5,7.17,,3490.8,119.9,1.16,6.1
1994-06-30,147.9,7.34,,3479.5,120.5,1.15,6.1
1994-07-31,148.4,7.12,0.0652383909674054,3488.2,120.7,1.13,6.1
1994-08-31,149.0,7.19,,3485.7,121.2,1.02,6.0
1994-09-30,149.3,7.62,,3486.1,121.0,1.0,5.9
1994-10-31,149.4,7.81,0.0629550177095294,3484.3,120.9,0.97,5.8
1994-11-30,149.8,7.91,,3487.2,121.5,0.51,5.6
1994-12-31,150.1,7.84,,3486.4,121.9,0.15,5.5
1995-01-31,150.5,7.6,0.0571468362983462,3492.4,122.9,0.34,5.6
1995-02-28,150.9,7.22,,3489.9,123.5,0.43,5.4
1995-03-31,151.2,7.2,,3491.1,123.9,0.4,5.4
1995-04-30,151.8,7.07,0.0460975825490819,3499.2,124.6,0.47,5.8
1995-05-31,152.1,6.3,,3524.2,124.9,0.41,5.6
1995-06-30,152.4,6.21,,3548.9,125.3,0.42,5.6
1995-07-31,152.6,6.45,0.0480216066538672,3567.4,125.3,0.57,5.7
1995-08-31,152.9,6.28,,3589.0,125.1,0.43,5.7
1995-09-30,153.1,6.17,,3602.1,125.2,0.34,5.6
1995-10-31,153.5,6.03,0.0425601264498434,3613.4,125.3,0.42,5.5
1995-11-30,153.7,5.76,,3619.9,125.4,0.4,5.6
1995-12-31,153.9,5.58,,3629.5,125.7,0.4,5.6
1996-01-31,154.7,5.6,0.0460204334079692,3647.9,126.3,0.67,5.6
1996-02-29,155.0,6.13,,3661.8,126.2,0.69,5.5
1996-03-31,155.5,6.34,,3686.9,126.4,0.55,5.5
1996-04-30,156.1,6.66,0.0596020549803673,3697.7,127.4,0.63,5.6
1996-05-31,156.4,6.85,,3709.6,128.1,0.58,5.6
1996-06-30,156.7,6.73,,3722.5,128.0,0.62,5.3
1996-07-31,157.0,6.8,0.0583464410640202,3737.1,128.0,0.58,5.5
1996-08-31,157.2,6.96,,3744.0,128.3,0.62,5.1
1996-09-30,157.7,6.72,,3753.4,128.2,0.62,5.2
1996-10-31,158.2,6.37,0.0626799111647011,3772.8,128.0,0.6,5.2
1996-11-30,158.7,6.06,,3795.1,128.2,0.47,5.4
1996-12-31,159.1,6.43,,3818.6,129.1,0.55,5.4
1997-01-31,159.4,6.53,0.0628059998464758,3834.6,129.7,0.59,5.3
1997-02-28,159.7,6.56,,3846.3,128.5,0.47,5.2
1997-03-31,159.8,6.92,,3861.2,127.3,0.47,5.2
1997-04-30,159.9,6.72,0.0604997734300696,3877.0,127.0,0.43,5.1
1997-05-31,159.9,6.67,,3889.2,127.4,0.45,4.9
1997-06-30,160.2,6.51,,3906.0,127.2,0.43,5.0
1997-07-31,160.4,6.02,0.0653533803739769,3923.9,126.9,0.28,4.9
1997-08-31,160.8,6.34,,3957.4,127.2,0.37,4.8
1997-09-30,161.2,6.12,,3973.1,127.5,0.32,4.9
1997-10-31,161.5,5.84,0.0612772436427109,3992.3,127.8,0.21,4.7
1997-11-30,161.7,5.86,,4014.8,127.9,0.1,4.6
1997-12-31,161.8,5.75,,4032.9,126.8,0.09,4.7
1998-01-31,162.0,5.53,0.0602470148535361,4056.2,125.4,0.21,4.6
1998-02-28,162.0,5.62,,4088.9,125.0,0.07,4.6
1998-03-31,162.0,5.67,,4114.3,124.7,0.07,4.7
1998-04-30,162.2,5.68,0.0529267827429251,4140.2,124.9,0.09,4.3
1998-05-31,162.6,5.56,,4164.4,125.1,0.03,4.4
1998-06-30,162.8,5.44,,4184.1,124.8,-0.05,4.5
1998-07-31,163.2,5.5,0.0529012309266851,4203.8,124.9,0.01,4.5
1998-08-31,163.4,5.05,,4228.7,124.2,0.14,4.5
1998-09-30,163.5,4.44,,4267.7,123.8,0.14,4.6
1998-10-31,163.9,4.64,0.06024293892235,4307.9,124.0,0.52,4.5
1998-11-30,164.1,4.74,,4346.6,123.6,0.2,4.4
1998-12-31,164.4,4.65,,4375.6,122.8,0.11,4.4
1999-01-31,164.7,4.66,0.0614902418998295,4403.0,122.9,0.08,4.3
1999-02-28,164.7,5.29,,4425.8,122.3,0.16,4.4
1999-03-31,164.8,5.25,,4432.6,122.6,0.26,4.2
1999-04-30,165.9,5.36,0.062043442037464,4461.4,123.6,0.28,4.3
1999-05-31,166.0,5.64,,4486.1,124.7,0.22,4.2
1999-06-30,166.0,5.81,,4508.0,125.2,0.28,4.3
1999-07-31,166.7,5.92,0.062002300819737,4535.4,125.7,0.29,4.3
1999-08-31,167.1,5.98,,4552.7,126.9,0.25,4.2
1999-09-30,167.8,5.9,,4568.8,128.0,0.27,4.2
1999-10-31,168.1,6.02,0.0652225723050516,4592.7,127.7,0.23,4.1
1999-11-30,168.4,6.18,,4611.8,128.3,0.17,4.1
1999-12-31,168.8,6.45,,4639.3,127.8,0.21,4.0
2000-01-31,169.3,6.68,0.0627408575852859,4667.6,128.3,0.07,4.0
2000-02-29,170.0,6.42,,4680.9,129.8,-0.11,4.1
2000-03-31,171.0,6.03,,4711.7,130.8,-0.47,4.0
2000-04-30,170.9,6.23,0.0757394598691401,4767.8,130.7,-0.45,3.8
2000-05-31,171.2,6.29,,4755.7,131.6,-0.4,4.0
2000-06-30,172.2,6.03,,4773.6,133.8,-0.35,4.0
2000-07-31,172.7,6.04,0.0651970046123386,4791.3,133.7,-0.26,4.0
2000-08-31,172.7,5.73,,4819.5,132.9,-0.45,4.1
2000-09-30,173.6,5.8,,4855.2,134.7,-0.18,3.9
2000-10-31,173.9,5.77,0.0540975613648615,4871.3,135.4,-0.17,3.9
2000-11-30,174.2,5.48,,4882.7,135.0,-0.13,3.9
2000-12-31,174.6,5.12,,4927.6,136.2,0.01,3.9
2001-01-31,175.6,5.19,0.0467950033687658,4978.3,140.0,0.57,4.2
2001-02-28,176.0,4.92,,5017.0,137.4,0.51,4.2
2001-03-31,176.1,4.93,,5074.8,135.9,0.75,4.3
2001-04-30,176.4,5.35,0.0342788444649151,5139.1,136.4,1.05,4.4
2001-05-31,177.3,5.43,,5137.2,136.8,1.21,4.3
2001-06-30,177.7,5.42,,5180.1,135.5,1.17,4.5
2001-07-31,177.4,5.07,0.0271225552217859,5210.0,133.4,1.28,4.6
2001-08-31,177.4,4.85,,5243.8,133.4,1.21,4.9
2001-09-30,178.1,4.6,,5355.1,133.3,1.74,5.0
2001-10-31,177.6,4.3,0.0215337785212055,5343.8,130.3,1.86,5.3
2001-11-30,177.5,4.78,,5387.5,129.8,1.94,5.5
2001-12-31,177.4,5.07,,5440.5,128.1,2.0,5.7
2002-01-31,177.7,5.07,0.0299199702470747,5460.9,128.5,1.91,5.7
2002-02-28,178.0,4.88,,5490.2,128.4,1.82,5.7
2002-03-31,178.5,5.42,,5502.0,129.8,1.7,5.7
2002-04-30,179.3,5.11,0.0272157750731201,5502.1,130.8,1.87,5.9
2002-05-31,179.5,5.08,,5528.3,130.8,1.86,5.8
2002-06-30,179.6,4.86,,5553.3,130.9,1.96,5.8
2002-07-31,180.0,4.51,0.0364237848201833,5596.0,131.2,2.28,5.8
2002-08-31,180.5,4.14,,5638.3,131.5,2.0,5.7
2002-09-30,180.8,3.63,,5662.3,132.3,1.91,5.7
2002-10-31,181.2,3.93,0.037612618211307,5707.1,133.2,2.25,5.7
2002-11-30,181.5,4.22,,5758.1,133.1,2.14,5.9
2002-12-31,181.8,3.83,,5779.4,132.9,2.22,6.0
2003-01-31,182.6,4.0,0.0362246951360876,5812.1,135.3,2.28,5.8
2003-02-28,183.6,3.71,,5848.2,137.6,2.18,5.9
2003-03-31,183.9,3.83,,5868.4,141.2,2.32,5.9
2003-04-30,183.2,3.89,0.0390638404182426,5905.5,136.8,2.38,6.0
2003-05-31,182.9,3.37,,5965.3,136.7,2.04,6.1
2003-06-30,183.1,3.54,,6002.2,138.0,2.22,6.3
2003-07-31,183.7,4.49,0.053043233637168,6049.1,137.7,2.69,6.2
2003-08-31,184.5,4.45,,6107.1,138.0,2.5,6.1
2003-09-30,185.1,3.96,,6079.7,138.5,2.46,6.1
2003-10-31,184.9,4.33,0.0642593956858934,6070.0,139.3,2.48,6.0
2003-11-30,185.0,4.34,,6075.5,138.9,2.28,5.8
2003-12-31,185.5,4.27,,6073.8,139.5,2.43,5.7
2004-01-31,186.3,4.16,0.0670582915232138,6082.1,141.4,2.32,5.7
2004-02-29,186.7,3.99,,6121.8,142.1,2.33,5.6
2004-03-31,187.1,3.86,,6157.9,143.1,2.26,5.8
2004-04-30,187.4,4.53,0.0707209006179392,6198.9,144.8,2.22,5.6
2004-05-31,188.2,4.66,,6275.7,146.8,2.12,5.6
2004-06-30,188.9,4.62,,6277.9,147.2,1.92,5.6
2004-07-31,189.1,4.5,0.0638591802013182,6291.1,147.4,1.82,5.5
2004-08-31,189.2,4.13,,6317.8,148.0,1.72,5.4
2004-09-30,189.8,4.14,,6352.2,147.7,1.51,5.4
2004-10-31,190.8,4.05,0.0641322624066085,6379.8,150.0,1.49,5.5
2004-11-30,191.7,4.36,,6406.3,151.4,1.34,5.4
2004-12-31,191.7,4.24,,6424.5,150.2,1.16,5.4
2005-01-31,191.6,4.14,0.0707713968955454,6430.8,150.9,0.85,5.3
2005-02-28,192.4,4.36,,6438.9,151.6,0.77,5.4
2005-03-31,193.1,4.5,,6448.3,153.7,0.7,5.2
2005-04-30,193.7,4.21,0.0668581993533294,6461.8,155.0,0.55,5.2
2005-05-31,193.6,4.0,,6479.0,154.3,0.4,5.1
2005-06-30,193.7,3.94,,6511.7,154.3,0.28,5.0
2005-07-31,194.9,4.28,0.0680466566173438,6543.5,156.3,0.26,5.0
2005-08-31,196.1,4.02,,6576.3,157.6,0.18,4.9
2005-09-30,198.8,4.34,,6610.1,162.2,0.16,5.0
2005-10-31,199.1,4.57,0.0636206901231191,6643.9,166.2,0.17,5.0
2005-11-30,198.1,4.49,,6660.7,163.7,0.07,5.0
2005-12-31,198.1,4.39,,6687.8,163.0,-0.02,4.9
2006-01-31,199.3,4.53,0.0651566824773879,6730.1,164.3,-0.01,4.7
2006-02-28,199.4,4.55,,6754.7,161.8,-0.14,4.8
2006-03-31,199.7,4.86,,6769.3,162.2,0.04,4.7
2006-04-30,200.7,5.07,0.0642877129902708,6806.9,164.3,0.2,4.7
2006-05-31,201.3,5.12,,6813.7,165.8,0.08,4.6
2006-06-30,201.8,5.15,,6851.8,166.1,-0.01,4.6
2006-07-31,202.9,4.99,0.0553576670505062,6893.6,166.8,0.02,4.7
2006-08-31,203.8,4.74,,6925.1,167.9,-0.05,4.7
2006-09-30,202.8,4.64,,6952.4,165.4,-0.07,4.5
2006-10-31,201.9,4.61,0.0536884604888967,7001.7,162.2,-0.1,4.4
2006-11-30,202.0,4.46,,7037.2,164.6,-0.16,4.5
2006-12-31,203.1,4.71,,7080.1,165.6,-0.11,4.4
2007-01-31,203.437,4.83,0.0453330205689175,7118.3,164.0,-0.11,4.6
2007-02-28,204.226,4.56,,7134.3,166.8,-0.09,4.5
2007-03-31,205.288,4.65,,7168.2,169.3,0.07,4.4
2007-04-30,205.904,4.63,0.0471633827329107,7240.7,171.4,0.03,4.5
2007-05-31,206.755,4.9,,7254.6,173.3,-0.02,4.4
2007-06-30,207.234,5.03,,7287.8,173.8,0.16,4.6
2007-07-31,207.603,4.78,0.0500302519331388,7318.7,175.1,0.22,4.7
2007-08-31,207.667,4.54,,7394.8,172.4,0.39,4.6
2007-09-30,208.547,4.59,,7413.0,173.5,0.62,4.7
2007-10-31,209.19,4.48,0.0481139010054447,7428.1,174.7,0.54,4.7
2007-11-30,210.834,3.97,,7453.6,179.0,0.93,4.7
2007-12-31,211.445,4.04,,7483.9,178.6,0.99,5.0
2008-01-31,212.174,3.67,0.0345314470649287,7517.5,181.0,1.5,5.0
2008-02-29,212.687,3.53,,7604.0,182.7,1.88,4.9
2008-03-31,213.448,3.45,,7670.0,187.9,1.83,5.1
2008-04-30,213.942,3.77,0.0321911095909603,7712.5,190.9,1.48,5.0
2008-05-31,215.208,4.06,,7725.2,196.6,1.4,5.4
2008-06-30,217.463,3.99,,7743.9,200.5,1.36,5.6
2008-07-31,219.016,3.99,0.0229936356594773,7791.2,205.5,1.47,5.8
2008-08-31,218.69,3.83,,7805.8,199.0,1.47,6.1
2008-09-30,218.877,3.85,,7872.4,196.9,1.85,6.1
2008-10-31,216.995,4.01,-0.007261201416943,7974.9,186.4,2.45,6.5
2008-11-30,213.153,2.93,,8027.0,176.8,1.93,6.8
2008-12-31,211.398,2.25,,8204.7,170.9,1.49,7.3
2009-01-31,211.933,2.87,-0.0187424123882861,8289.0,171.2,1.93,7.8
2009-02-28,212.705,3.02,,8319.3,169.3,2.02,8.3
2009-03-31,212.495,2.71,,8386.4,168.1,1.9,8.7
2009-04-30,212.709,3.16,-0.0325894486913196,8391.1,169.1,2.25,9.0
2009-05-31,213.022,3.47,,8449.2,170.8,2.55,9.4
2009-06-30,214.79,3.53,,8459.3,174.1,2.42,9.5
2009-07-31,214.726,3.52,-0.0302112242574148,8463.5,172.5,2.39,9.5
2009-08-31,215.445,3.4,,8463.0,175.0,2.43,9.6
2009-09-30,215.861,3.31,,8461.6,174.1,2.36,9.8
2009-10-31,216.509,3.41,0.0029462886244302,8487.9,175.2,2.51,10.0
2009-11-30,217.234,3.21,,8517.0,177.4,2.54,9.9
2009-12-31,217.347,3.85,,8512.2,178.1,2.71,9.9
2010-01-31,217.488,3.63,0.0231245420417933,8477.7,181.9,2.81,9.8
2010-02-28,217.281,3.61,,8527.3,181.0,2.8,9.8
2010-03-31,217.353,3.84,,8523.5,183.3,2.82,9.9
2010-04-30,217.403,3.69,0.0416485064287937,8554.8,184.4,2.72,9.9
2010-05-31,217.29,3.31,,8609.0,184.8,2.55,9.6
2010-06-30,217.199,2.97,,8628.1,183.5,2.36,9.4
2010-07-31,217.605,2.94,0.0479431557403542,8639.5,184.1,2.39,9.4
2010-08-31,217.923,2.47,,8687.9,184.9,2.0,9.5
2010-09-30,218.275,2.53,,8718.7,184.9,2.11,9.5
2010-10-31,219.035,2.63,0.0449262039024795,8768.4,186.6,2.29,9.4
2010-11-30,219.59,2.81,,8789.0,187.7,2.36,9.8
2010-12-31,220.472,3.3,,8822.7,189.7,2.69,9.3
2011-01-31,221.187,3.42,0.0397462581131502,8845.0,192.7,2.84,9.1
2011-02-28,221.898,3.42,,8908.8,195.8,2.73,9.0
2011-03-31,223.046,3.47,,8966.8,199.2,2.67,9.0
2011-04-30,224.093,3.32,0.0385406249438844,9030.2,203.1,2.71,9.1
2011-05-31,224.806,3.05,,9102.5,204.1,2.6,9.0
2011-06-30,224.806,3.18,,9176.5,203.9,2.73,9.1
2011-07-31,225.395,2.82,0.0334226743568235,9338.4,204.6,2.46,9.0
2011-08-31,226.106,2.23,,9524.9,203.2,2.03,9.0
2011-09-30,226.597,1.92,,9545.1,203.7,1.67,9.0
2011-10-31,226.75,2.17,0.0348009996946987,9577.9,201.1,1.92,8.8
2011-11-30,227.169,2.08,,9629.5,201.4,1.83,8.6
2011-12-31,227.223,1.89,,9677.1,199.8,1.64,8.5
2012-01-31,227.842,1.83,0.0467289470022631,9750.3,200.7,1.61,8.3
2012-02-29,228.329,1.98,,9802.0,201.6,1.68,8.3
2012-03-31,228.807,2.23,,9846.0,204.2,1.9,8.2
2012-04-30,229.187,1.95,0.0417531333201222,9899.5,203.7,1.68,8.2
2012-05-31,228.713,1.59,,9942.8,201.9,1.32,8.2
2012-06-30,228.524,1.67,,10012.8,199.8,1.34,8.2
2012-07-31,228.59,1.51,0.0429367804045071,10065.5,200.1,1.28,8.2
2012-08-31,229.918,1.57,,10136.1,202.7,1.35,8.1
2012-09-30,231.015,1.65,,10216.3,204.4,1.42,7.8
2012-10-31,231.638,1.72,0.0364947953445276,10282.6,203.5,1.42,7.8
2012-11-30,231.249,1.62,,10351.6,201.8,1.37,7.7
2012-12-31,231.221,1.78,,10474.1,201.5,1.53,7.9
2013-01-31,231.679,2.02,0.036056446014498,10497.4,202.5,1.75,8.0
2013-02-28,232.937,1.89,,10516.4,204.3,1.64,7.7
2013-03-31,232.282,1.87,,10572.6,204.0,1.62,7.5
2013-04-30,231.797,1.7,0.0321816683598532,10600.0,203.5,1.48,7.6
2013-05-31,231.893,2.16,,10634.2,204.1,1.86,7.5
2013-06-30,232.445,2.52,,10691.3,204.3,2.16,7.5
2013-07-31,232.9,2.6,0.0388673308887792,10730.5,204.4,2.29,7.3
2013-08-31,233.456,2.78,,10788.5,204.2,2.39,7.2
2013-09-30,233.544,2.64,,10848.9,203.9,2.31,7.2
2013-10-31,233.669,2.57,0.0469902747305046,10973.2,202.5,2.26,7.2
2013-11-30,234.1,2.75,,10981.9,201.2,2.47,6.9
2013-12-31,234.719,3.04,,11046.9,202.0,2.66,6.7
2014-01-31,235.288,2.67,0.0330095363525728,11116.6,203.8,2.33,6.6
2014-02-28,235.547,2.66,,11182.3,205.7,2.33,6.7
2014-03-31,236.028,2.73,,11218.2,207.0,2.29,6.7
2014-04-30,236.468,2.67,0.0472135679267595,11263.1,208.3,2.25,6.2
2014-05-31,236.918,2.48,,11327.6,208.0,2.11,6.3
2014-06-30,237.231,2.53,,11382.8,208.3,2.06,6.1
2014-07-31,237.498,2.58,0.0501591439059403,11437.5,208.0,2.05,6.2
2014-08-31,237.46,2.35,,11461.6,207.0,1.87,6.1
2014-09-30,237.477,2.52,,11502.8,206.4,1.94,5.9
2014-10-31,237.43,2.35,0.0418833878673587,11576.6,203.4,1.85,5.7
2014-11-30,236.983,2.18,,11617.3,200.9,1.71,5.8
2014-12-31,236.252,2.17,,11701.0,197.0,1.5,5.6
2015-01-31,234.747,1.68,0.0503433067767398,11787.8,192.0,1.21,5.7
2015-02-28,235.342,2.0,,11904.7,191.1,1.37,5.5
2015-03-31,235.976,1.94,,11902.8,191.5,1.38,5.4
2015-04-30,236.222,2.05,0.0434555271487731,11936.7,190.9,1.47,5.4
2015-05-31,237.001,2.12,,11964.2,193.4,1.51,5.6
2015-06-30,237.657,2.35,,12004.6,194.8,1.71,5.3
2015-07-31,238.034,2.2,0.0335537154433205,12048.3,193.9,1.53,5.2
2015-08-31,238.033,2.21,,12093.1,191.9,1.47,5.1
2015-09-30,237.498,2.06,,12154.3,189.1,1.42,5.0
2015-10-31,237.733,2.16,0.0292014120750583,12205.6,187.5,1.41,5.0
2015-11-30,238.017,2.21,,12296.9,185.7,1.27,5.1
2015-12-31,237.761,2.27,,12368.2,183.5,1.21,5.0
2016-01-31,237.652,1.94,0.0255987631209826,12505.5,182.6,1.18,4.8
2016-02-29,237.336,1.74,,12577.7,181.3,0.96,4.9
2016-03-31,238.08,1.78,,12628.6,182.1,1.05,5.0
2016-04-30,238.992,1.83,0.0236281785386522,12707.6,183.2,1.06,5.1
2016-05-31,239.557,1.84,,12774.6,185.3,0.97,4.8
2016-06-30,240.222,1.49,,12835.1,187.6,0.91,4.9
2016-07-31,240.101,1.46,0.0266831311537361,12889.3,187.7,0.79,4.8
2016-08-31,240.545,1.58,,12973.6,186.6,0.78,4.9
2016-09-30,241.176,1.6,,13033.8,186.9,0.83,5.0
2016-10-31,241.741,1.84,0.0354888602129728,13107.1,186.7,0.98,4.9
2016-11-30,242.026,2.37,,13180.6,186.3,1.26,4.7
2016-12-31,242.637,2.45,,13225.8,188.2,1.25,4.7
2017-01-31,243.618,2.45,0.0407078553074762,13300.3,190.7,1.26,4.7
2017-02-28,244.006,2.36,,13367.0,191.6,1.14,4.6
2017-03-31,243.892,2.4,,13428.4,191.5,1.13,4.4
2017-04-30,244.193,2.29,0.0388495391814169,13484.4,193.0,1.01,4.4
2017-05-31,244.004,2.21,,13536.4,192.8,0.93,4.4
2017-06-30,244.163,2.31,,13558.1,193.6,0.93,4.3
2017-07-31,244.243,2.3,0.0423422053425146,13615.1,193.5,0.96,4.3
2017-08-31,245.183,2.12,,13674.3,193.8,0.79,4.4
2017-09-30,246.435,2.33,,13722.7,194.8,0.86,4.3
2017-10-31,246.626,2.38,0.0496458789989973,13782.0,194.9,0.78,4.2
2017-11-30,247.284,2.42,,13814.6,195.9,0.64,4.2
2017-12-31,247.805,2.4,,13873.5,196.3,0.51,4.1
2018-01-31,248.859,2.72,0.0543809352697841,13882.9,197.9,0.58,4.0
2018-02-28,249.529,2.87,,13919.0,199.3,0.62,4.1
2018-03-31,249.577,2.74,,13975.8,199.3,0.47,4.0
2018-04-30,250.227,2.95,0.058762795324756,13993.7,200.3,0.46,4.0
2018-05-31,250.792,2.83,,14049.4,203.2,0.43,3.8
2018-06-30,251.018,2.85,,14109.7,204.2,0.33,4.0
2018-07-31,251.214,2.96,0.05617009845579,14143.9,204.3,0.29,3.8
2018-08-31,251.663,2.86,,14193.6,203.4,0.24,3.8
2018-09-30,252.182,3.05,,14229.1,203.6,0.24,3.7
2018-10-31,252.772,3.15,0.0439574353319203,14241.1,204.6,0.28,3.8
2018-11-30,252.594,3.01,,14260.5,202.3,0.21,3.8
2018-12-31,252.767,2.69,,14382.3,201.0,0.21,3.9
2019-01-31,252.561,2.63,0.0385195640830904,14445.7,199.1,0.18,4.0
2019-02-28,253.319,2.73,,14480.8,199.2,0.21,3.8
2019-03-31,254.277,2.41,,14525.9,200.8,0.14,3.8
2019-04-30,255.233,2.51,0.039698240777668,14554.2,202.1,0.24,3.7
2019-05-31,255.296,2.14,,14652.0,201.7,0.19,3.6
2019-06-30,255.213,2.0,,14771.0,200.3,0.25,3.6
2019-07-31,255.802,2.02,0.0441585135246238,14853.1,200.7,0.13,3.7
2019-08-31,256.036,1.5,,14934.3,199.2,0.0,3.6
2019-09-30,256.43,1.68,,15031.0,198.4,0.05,3.5
2019-10-31,257.155,1.69,0.0485398439525408,15166.9,198.6,0.17,3.6
2019-11-30,257.879,1.78,,15276.4,199.0,0.17,3.6
2019-12-31,258.63,1.92,,15347.6,199.0,0.34,3.6
2020-01-31,259.127,1.51,0.0302979404687471,15416.3,199.3,0.18,3.6
2020-02-29,259.25,1.13,,15466.6,196.7,0.27,3.5
2020-03-31,258.076,0.7,,15993.4,193.1,0.47,4.4
2020-04-30,256.032,0.64,-0.0672797070446693,17005.4,185.5,0.44,14.8
2020-05-31,255.802,0.65,,17852.9,188.6,0.49,13.2
2020-06-30,257.042,0.66,,18140.6,191.2,0.5,11.0
2020-07-31,258.352,0.55,-0.000586356298433,18297.7,193.0,0.44,10.2
2020-08-31,259.316,0.72,,18364.1,194.3,0.58,8.4
2020-09-30,259.997,0.69,,18596.4,195.5,0.56,7.8
2020-10-31,260.319,0.88,0.0070187150384732,18751.1,196.5,0.74,6.9
2020-11-30,260.911,0.84,,18978.9,198.3,0.68,6.7
2020-12-31,262.045,0.93,,19133.0,200.5,0.8,6.7
2021-01-31,262.639,1.11,0.0427311309820617,19359.5,204.8,1.0,6.4
2021-02-28,263.573,1.44,,19596.5,210.6,1.3,6.2
2021-03-31,264.847,1.74,,19823.2,215.0,1.58,6.1
2021-04-30,266.625,1.65,0.173743282929385,20161.5,217.9,1.49,6.1
2021-05-31,268.404,1.58,,20430.5,224.9,1.44,5.8
2021-06-30,270.71,1.45,,20472.9,228.9,1.2,5.9
2021-07-31,271.965,1.24,0.1049528260051158,20628.1,231.85,1.05,5.4
2021-08-31,272.752,1.3,,20811.0,233.415,1.1,5.1
2021-09-30,273.942,1.52,,20979.1,235.678,1.24,4.7
2021-10-31,276.528,1.55,0.1234400438988081,21142.1,240.465,1.07,4.5
2021-11-30,278.824,1.43,,21316.6,243.287,0.91,4.2
2021-12-31,280.806,1.52,,21471.0,241.338,0.79,3.9
2022-01-31,282.542,1.79,0.1132969790649696,21587.3,246.453,0.61,4.0
2022-02-28,284.525,1.83,,21684.9,252.66,0.39,3.8
2022-03-31,287.467,2.32,,21721.3,260.014,0.04,3.7
2022-04-30,288.582,2.89,0.1039610414280598,21749.9,265.31,0.19,3.7
2022-05-31,291.299,2.85,,21690.7,273.251,0.32,3.6
2022-06-30,295.072,2.98,,21642.8,280.251,0.06,3.6
2022-07-31,294.94,2.67,0.0981522725497749,21641.7,272.274,-0.22,3.5
2022-08-31,295.162,3.15,,21606.8,269.546,-0.3,3.6
2022-09-30,296.421,3.83,,21521.0,267.898,-0.39,3.5
2022-10-31,297.979,4.1,0.0788645742657252,21424.4,265.061,-0.41,3.6
2022-11-30,298.708,3.68,,21358.1,263.157,-0.7,3.6
2022-12-31,298.808,3.88,,21219.0,257.897,-0.53,3.5
2023-01-31,300.456,3.52,0.0778641972722196,21205.2,260.227,-0.69,3.5
2023-02-28,301.476,3.92,,21184.5,258.669,-0.89,3.6
2023-03-31,301.643,3.48,,20876.1,257.062,-0.58,3.5
2023-04-30,302.858,3.44,0.0645274412430747,20729.8,256.908,-0.6,3.4
2023-05-31,303.316,3.64,,20801.1,253.67,-0.76,3.6
2023-06-30,304.099,3.81,,20782.7,253.86,-1.06,3.6
2023-07-31,304.615,3.97,0.0660131353283286,20772.1,253.835,-0.91,3.5
2023-08-31,306.138,4.09,,20746.9,257.68,-0.76,3.7
2023-09-30,307.374,4.59,,20720.4,258.934,-0.44,3.8
2023-10-31,307.653,4.88,0.0617921643192955,20687.3,255.192,-0.19,3.9
2023-11-30,308.087,4.37,,20696.7,252.856,-0.36,3.7
2023-12-31,308.735,3.88,,20701.3,249.866,-0.35,3.8
2024-01-31,309.794,3.99,0.0548093625012378,20773.1,251.306,-0.28,3.7
2024-02-29,311.022,4.25,,20861.0,254.926,-0.39,3.9
2024-03-31,312.107,4.2,,20900.8,255.095,-0.39,3.9
2024-04-30,313.016,4.69,0.0587354075391421,20928.9,256.978,-0.35,3.9
2024-05-31,313.14,4.51,,20989.4,255.313,-0.38,4.0
2024-06-30,313.131,4.36,,21052.9,255.914,-0.35,4.1
2024-07-31,313.566,4.09,0.0511781257856231,21084.2,257.321,-0.2,4.2
2024-08-31,314.131,3.91,,21171.1,255.463,0.0,4.2
2024-09-30,314.851,3.81,,21257.5,252.682,0.15,4.1
2024-10-31,315.564,4.28,0.049269083440816,21308.1,253.081,0.12,4.1
2024-11-30,316.449,4.18,,21407.9,253.211,0.05,4.2
2024-12-31,317.603,4.58,,21424.5,253.423,0.33,4.1
2025-01-31,319.086,4.58,0.0464659509189739,21492.4,257.36,0.36,4.0
2025-02-28,319.775,4.24,,21564.6,259.498,0.25,4.1
2025-03-31,319.615,4.23,,21636.8,258.525,0.34,4.2
2025-04-30,320.321,4.17,0.0459286711887489,21770.5,258.392,0.57,4.2
2025-05-31,320.58,4.41,,21827.4,258.642,0.52,4.2
2025-06-30,321.5,4.24,,21942.4,260.69,0.52,4.1
2025-07-31,322.132,4.37,,22028.8,262.562,0.43,4.2
2025-08-31,323.364,4.23,,22108.4,262.443,0.64,4.3
2025-09-30,324.368,4.16,,22212.5,,0.56,
2025-10-31,,4.11,,,,0.51,
2025-11-30,,4.13,,,,0.54,
