date,macro_score,liquidity_score,risk_score,equity_score,theta_deg,phi_deg,coherence_theta,coherence_phi
1993-02-28,0.38573245220302466,-0.06249615770362545,-0.8576412489318903,-0.9435840205941196,-167.22141728690656,-132.01938866676778,0.9149496622493565,1.2717194887276928
1993-03-31,0.4306023887036827,-0.06497465337596986,-0.9425705759165148,-0.939883067656348,-171.5443481767741,-134.78840769540548,0.9079956899952855,1.325997562738595
1993-04-30,0.47592142845462715,-0.128157504711553,-0.9573994570484394,-0.9442055762969992,-176.5035135612091,-135.09737683324786,1.0488895063271493,1.3392842266618574
1993-05-31,0.5303865094540015,0.04406175230735809,-0.8158505787407226,-0.9397662205915732,178.24833648532592,-130.73939906481553,0.6416177987457906,1.2418883389160382
1993-06-30,0.4882327308304052,0.06200636614597325,-1.113777216488067,-0.9391565278123528,-175.69685588846303,-139.50597809249086,0.6007474531141187,1.4480996937684987
1993-07-31,0.40794967179098895,0.08155809239437754,-1.050417346463507,-0.9399800490693914,-163.07513848428292,-137.83936388032953,0.5780412894955376,1.402203665767448
1993-08-31,0.3221217279932478,0.08824430325606507,-1.0342402216026212,-0.9335093290106898,-150.82228545859883,-137.5998532332589,0.6153360053642599,1.3861638939789254
1993-09-30,0.32828019044473045,0.11636874732790954,-0.8805586924942442,-0.9347846692505952,-148.33242635190047,-133.02694543561327,0.5534160934890968,1.280343504309891
1993-10-31,0.4429101221555355,0.15283114701194525,-1.0868155559921464,-0.9313516528180104,-163.4255666001461,-139.0572882316077,0.4018353443831342,1.42305814744439
1993-11-30,0.4731544287097401,0.1704724724207564,-0.7767561388808191,-0.933245817105928,-168.7706928039021,-129.57439073402458,0.3502955441981152,1.2122920795402081
1993-12-31,0.4050499001910831,0.18846789422595564,-1.059853895496239,-0.9310905519721824,-150.167683614672,-138.36121597537576,0.34721717090654936,1.4031142987875125
1994-01-31,0.5197987892677759,0.1684491556769436,-1.1987065434726916,-0.9248925905365348,179.44658241184985,-141.9721871132668,0.3483710357697221,1.5032508477810433
1994-02-28,0.5453089143086973,0.25109036515442773,-0.6271188267059955,-0.930256129579286,164.54024922304848,-123.91640354501354,0.1594847234924646,1.122414923106261
1994-03-31,0.6185307303785009,0.29957413950058687,0.1251123367916569,-0.9377375878931647,104.31563326546588,-83.44739285306764,0.15984138293040134,0.9451037732124012
1994-04-30,0.6470411725136821,0.411374451176633,-0.7754080237151803,-0.9358195822411892,41.59081089116173,-129.4489851349759,0.29922874180575737,1.2134431616873838
1994-05-31,0.7046192927140005,0.5111418446463979,-0.8751663603950653,-0.9330623064603614,32.02842369837144,-132.90698857296104,0.5411412582966609,1.2754946737337207
1994-06-30,0.788657579589951,0.4820674903195701,-0.6136379321763739,-0.9370893308791952,46.82283915612944,-123.16311666595668,0.5703916575853324,1.1208483619711938
1994-07-31,0.8119824732158328,0.48992729689832143,-1.131302327951242,-0.9315384209280508,47.85667829211478,-140.17120515122664,0.6092602521278089,1.4562514412475067
1994-08-31,0.8924920886599828,0.5189436986006969,-1.0180632253050714,-0.9247807066572172,50.32794438870826,-137.42435996400607,0.7474191950516701,1.3686184371241883
1994-09-30,0.8408309227935539,0.570245780612682,-0.7066558215914414,-0.929428312013987,39.67553433175186,-127.10381106694402,0.7769228184233561,1.1668450491762654
1994-10-31,0.7825028445606921,0.588454589421877,-0.6689093683338272,-0.924329246731038,32.387552004465455,-125.7828375701467,0.7589158638626781,1.1408530525019174
1994-11-30,0.8842317787894562,0.773965769077435,-0.4815257314647389,-0.9316742872390164,27.56521684718747,-117.43139197709829,1.2157988326946545,1.051033845746251
1994-12-31,0.9305542836099638,0.8858248575613711,-0.8522489168327116,-0.9303843779714353,25.28966617127974,-132.2441820401491,1.4834138922753206,1.25838773237854
1995-01-31,0.9952005557092607,0.8120247510391642,-1.0194113404706968,-0.92438802296602,32.120695749003445,-137.4737207537302,1.3784202760885176,1.369321787316308
1995-02-28,1.0608501508648545,0.7171667342438323,-1.0477211161322428,-0.9168619470847296,41.44776775662191,-138.47622634362574,1.2594213718309775,1.384801792732497
1995-03-31,1.055085901912053,0.7277137485900216,-0.8293314732703443,-0.911516773119159,40.40871425548044,-132.06443416527333,1.2723949379938513,1.2293719489755401
1995-04-30,0.9617780844264359,0.7293091176221304,-1.0477211161322428,-0.9056723924204504,35.02347096924168,-138.82514687295094,1.1876777819376394,1.3774000022019561
1995-05-31,0.9518796494222396,0.8018969870985009,-0.8994317905597219,-0.8976135343075795,30.232086564267327,-134.785536384348,1.3235894524157332,1.2663002409000428
1995-06-30,0.9243207858578364,0.91401959114412,-1.0976002201905173,-0.8933411579819703,23.91214004091042,-140.50949579782667,1.5398136669498317,1.4065202311607454
1995-07-31,0.8564906646275994,0.9591307343621124,-0.8131544769727946,-0.8864106675157483,18.958472412701965,-132.308905849826,1.6007291306674454,1.2001432396180078
1995-08-31,0.7911918137726887,1.0626116642138588,-1.0787269935617034,-0.8854205644635734,13.434488089146216,-140.27848091592426,1.8070679458961114,1.387273271445825
1995-09-30,0.7712563081875994,1.0938566425343432,-0.914260800254969,-0.8759541420735605,12.000413817014435,-135.94615612756286,1.8721225655592082,1.2613618738699273
1995-10-31,0.7294032098753396,1.0444342802591766,-0.7673195898480734,-0.8766387318589289,10.732442778044117,-131.00362657761036,1.745337768853038,1.1630985785805639
1995-11-30,0.6867252243142559,0.9929404244138512,-1.0706385596945964,-0.8663116346530285,9.250224993942096,-140.68327105172307,1.6145223353064644,1.3690085535216154
1995-12-31,0.6806650368209224,0.961838272781729,-0.943918562518804,-0.8624964766084167,9.34677226059802,-137.28783936541336,1.540728918418001,1.273143443049344
1996-01-31,0.7622506207408846,0.8920202920008332,-0.9425705759165148,-0.8537332912833719,15.477359517864366,-137.5391861941879,1.4068528592642189,1.2662372243780622
1996-02-29,0.7350376778640162,0.9442454510466224,-0.3345843924945071,-0.8529195040934784,12.714676728501766,-111.75442674623146,1.5160132988132893,0.9194891230894783
1996-03-31,0.7355188054467993,1.0560023294142764,-0.0865371159321093,-0.8485136083697549,10.866391707871133,-96.62707626888196,1.7738593391310462,0.855307330147183
1996-04-30,0.8842711537716982,1.0375430262457093,-0.497702727762275,-0.8456843724513186,18.328285695243334,-120.56050070406049,1.789349945440605,0.9833547214573226
1996-05-31,0.896951119197995,1.0565629235472371,-0.465348735167189,-0.8397115638321169,18.464968432649577,-119.12273639638367,1.8379981992107621,0.9624533812781625
1996-06-30,0.8929051052928004,1.0102844676467464,-0.7875408030791765,-0.8373375326531856,19.411722457866286,-133.03759307497913,1.7328824410658432,1.1470723883515983
1996-07-31,0.8213318442370459,1.0205459466751499,-0.0083482362122891,-0.8495362608520096,15.696767704754977,-91.50845281724978,1.7227925978392402,0.8509112905233177
1996-08-31,0.8671925711448036,0.9899954762502353,-0.3386287379913967,-0.8445429875877231,18.68188868702954,-112.17948037380742,1.6748349908780051,0.9131873120370642
1996-09-30,0.8318636128138185,0.940497726235884,-0.3467171718584901,-0.8297778813406924,18.162770231310137,-112.99782861573593,1.547095436068823,0.9025694324660697
1996-10-31,0.8343955194381251,0.9161802707009238,-0.1903394124188622,-0.8207565320383594,18.989040979449047,-103.67897494402338,1.4940419825293565,0.8457901093479305
1996-11-30,0.808580325277992,0.9407339080166132,-0.321103755091558,-0.7997276728657576,16.890510925507684,-112.25244461651444,1.5368650871078922,0.8651792833120122
1996-12-31,0.859379898236521,0.9644858471860722,0.1884722068162035,-0.8070829989358158,18.961867932788774,-78.14130844536575,1.6140980350326617,0.8257324491794374
1997-01-31,0.8938650238583737,0.9491796038699637,-0.0070001210466637,-0.788440713652904,21.176362054551543,-91.52986386652522,1.5983939595980672,0.7897246827718368
1997-02-28,0.791471271010522,0.9735386183300118,0.2127377655441965,-0.7853762188842861,15.190858861061985,-76.18511198631262,1.6038726090845463,0.8098004839002544
1997-03-31,0.6638073035804842,1.0011317282439534,0.3529384001229378,-0.7996466712235294,7.919584178306094,-67.58851045384539,1.6283497183027738,0.8660786553322026
1997-04-30,0.6111656820802972,0.982656984402344,0.0725368738387823,-0.7802923509782165,5.227432029877745,-85.86083657323032,1.5758607836357001,0.7833276283547688
1997-05-31,0.6469160252548153,0.9526855796664822,-0.0447463171776058,-0.7595278630258199,7.5423879976340436,-94.35548033563211,1.5117965405262914,0.7626961880390469
1997-06-30,0.603805000387541,0.9360407245211234,0.2707054320329138,-0.7451715868592423,5.178737310002022,-71.47967223945113,1.4654959599490291,0.7868702473658009
1997-07-31,0.6063626128304854,0.9314857451292992,0.2639648562047599,-0.7163486896820735,5.370772489665838,-71.25808896326298,1.4551740918829335,0.7574213855836045
1997-08-31,0.6485219984174581,0.9609284336568505,0.7061366025910719,-0.7366792364471709,7.5384564335899915,-47.54223572162085,1.5313660317293858,0.9997841382036111
1997-09-30,0.6638723006160632,0.9404375640940694,0.4567409537363764,-0.7187833566599853,8.682371706766851,-59.0546805366754,1.4869088125795822,0.8391420465785923
1997-10-31,0.693618166883797,0.9419245857846068,2.098707684979159,-0.7283404249951994,10.388422303429989,-19.724880309335642,1.497925813327542,2.160763610302301
1997-11-30,0.7090766677766401,0.9830689284876787,1.066075123760687,-0.7136176150208188,10.59858036141146,-34.849275317964704,1.597530863738312,1.25043838297363
1997-12-31,0.5111155099663353,0.9648289122067445,0.6050302793088975,-0.7060804584753269,-0.3736505596695055,-50.8180671064955,1.5273495537944415,0.9120607764784885
1998-01-31,0.2676073464923284,0.8955703093439215,0.2626167410391345,-0.7008942227679869,-15.707309659689368,-70.97051105837242,1.4171149025414393,0.7423543878097986
1998-02-28,0.160435448165372,0.9693421912816474,-0.1310238878912052,-0.6726282056363079,-19.61562912928235,-101.91626436362337,1.632699172484377,0.6883163575105612
1998-03-31,0.06205071864726283,0.9730256653271471,0.6333399264071073,-0.6513496468780133,-24.32352356788153,-47.20322936896171,1.697283072269731,0.8888063644014649
1998-04-30,0.10011870079287474,0.9646627263344772,0.2235224297425671,-0.6454983920591917,-22.76211058163586,-72.49109073530656,1.6558874887748334,0.6777176514242528
1998-05-31,0.13364941375098308,0.9674559502309433,0.2423955278080316,-0.6551208670750741,-21.018216564365286,-71.27765326775994,1.642806142471271,0.6926027912762283
1998-06-30,0.07015577569066625,0.971157543043431,0.0253538715484356,-0.6358056882447739,-24.000363453368593,-89.0558170898261,1.6881775435701825,0.6367005368945974
1998-07-31,0.1090435933014546,0.9451975656654591,0.7115288061269146,-0.6421974329781643,-22.94409568326289,-43.39179261244564,1.608321699293601,0.9359963220010503
1998-08-31,-0.0007556354632472229,0.8436531991625289,3.337596981132198,-0.7080736176505408,-32.64037562552156,-12.33153476197324,1.4748352205904576,3.3196618954721226
1998-09-30,-0.06412065259391594,0.788361632968661,2.8886851731710905,-0.6825709937784348,-38.765201728052496,-13.693525395927185,1.4257620220825058,2.8870172685862956
1998-10-31,0.07533289288543707,0.685951645613322,1.149656207016337,-0.6480112905637105,-37.942974493549336,-30.358436016442308,1.1038123500606853,1.2837851532680529
1998-11-30,0.05734335254103887,0.8211755280471061,0.8746471413946959,-0.622353511774693,-30.712538627976823,-36.59041637990327,1.3829494962349522,1.045386095821513
1998-12-31,-0.0026489559735213553,0.838338027022091,0.6603017154663506,-0.5905286794052068,-32.999917606022365,-43.17641634566989,1.4658896651312698,0.8641316875349361
1999-01-31,0.08965447140199409,0.8433008735293145,0.9070011339897952,-0.5722718574121174,-27.885879419357703,-33.34145939089091,1.4041352921345973,1.0425233647819316
1999-02-28,0.02858728277166997,0.8740409253204099,1.1267387634539832,-0.5894777609584687,-29.740903737066052,-28.537095957511365,1.5127522274497014,1.2354890060285584
1999-03-31,0.12706957327943344,0.8055099213567868,0.5039239560267231,-0.5679425003366819,-27.483502504039947,-49.977222018624296,1.2986410987129753,0.742586707098096
1999-04-30,0.3408420664869296,0.8095746230901181,0.7479271442189036,-0.5474032164369101,-13.143743379213392,-37.44623905083874,1.1929056917973047,0.9014541339006774
1999-05-31,0.48473716173901105,0.8573947147318544,0.7910658010123601,-0.560239903379438,-2.2667771523383737,-36.51070179493117,1.2752808029288378,0.9428197539733393
1999-06-30,0.5179908979464103,0.8470693584643699,0.211389650378571,-0.5298617638594422,0.027066145362927792,-70.09980859087452,1.2499642568426312,0.564227162192223
1999-07-31,0.6302720385543863,0.8545495339891959,0.6899594777301858,-0.547821306145559,7.76712231998153,-39.7674421867983,1.2793188273938687,0.8574972130643079
1999-08-31,0.8136419668087203,0.8644009646919296,0.6643460609632537,-0.550726593363431,19.389618613472635,-41.010225314723684,1.3683958964008827,0.8403415201540605
1999-09-30,0.9888649178596278,0.8359254010890603,0.7937620313436243,-0.5631927964039184,30.582141761868606,-36.559772482395445,1.4214385127806528,0.9466941889237719
1999-10-31,0.9826073299774023,0.8600695752948236,0.3610270911167305,-0.5282310602401074,29.128125422399588,-57.41197604587828,1.465980436207101,0.6277292401257581
1999-11-30,1.0493534142736956,0.8912896332249672,0.6279477228712647,-0.51856339047655,31.07396853809697,-40.93856563225684,1.5809821182801234,0.7924046916921877
1999-12-31,1.0098991581904673,0.9070486701030079,0.6899594777301858,-0.484854692156651,28.502934142899953,-36.373596054294225,1.5831154623390093,0.8186036303970737
2000-01-31,1.0793673631569702,0.9840477139108121,0.7317502764847033,-0.5159196273072763,28.731117550988944,-36.43000388218288,1.793372814346059,0.8698897592029649
2000-02-29,1.261651922240258,1.0058340113717743,0.5187529657219834,-0.5249474403023773,35.112144231778984,-46.89057010623598,1.9851332800490784,0.7199712672060152
2000-03-31,1.3796560689149295,1.0957391857100633,0.6185111738385328,-0.4683628242042897,35.779190321434385,-38.50845399046613,2.262661216980536,0.753189292194583
2000-04-30,1.39047855741378,1.1371938689226668,0.9002608152883271,-0.4908555872119923,34.71675284292916,-29.62290131078007,2.351985519606559,0.9943157214750704
2000-05-31,1.3906730034666703,1.0874495726360858,0.5564991618529255,-0.5005711705354277,36.41721407769454,-43.462125308535136,2.2568463101315084,0.7286319162310594
2000-06-30,1.5450092563092153,1.031827549443002,0.0024366851127408,-0.4886002114256553,43.09530158752807,-91.39039130125312,2.3076872685333365,0.4893655276410104
2000-07-31,1.378536792017512,0.9924052227011925,0.1642066480882244,-0.4983389820113775,39.684062582591636,-73.68993323823355,2.0690141496076944,0.5198952824455236
2000-08-31,1.2145559086433757,1.0283219925706217,-0.3615461815537504,-0.4584501488152198,32.53051902611209,-128.65040005579633,1.9889085831554343,0.5877719235963489
2000-09-30,1.3437499808784723,0.9468176195378325,0.1412892045258573,-0.4941303836342001,40.49045519167307,-75.96930917507225,1.9524896709965505,0.5099731888641312
2000-10-31,1.236744767485976,0.930408221867256,0.5538029315216617,-0.4970058146161057,37.3460577556289,-43.40033606189291,1.8192114582897518,0.7242667657663595
2000-11-30,1.1494375448390952,0.870345877186247,1.3653497481103205,-0.5426784953188281,36.61650771348093,-22.40079181883938,1.625606610238369,1.4258528158033803
2000-12-31,1.1654463472334449,0.7964111118181828,0.9878862440408668,-0.5456371338554621,41.32483115563509,-29.90585167878754,1.5055718533787097,1.0957819613000066
2001-01-31,1.2262295464097568,0.6224443046227631,0.3367615323887379,-0.5205992050483407,56.45786304475379,-58.90283075088079,1.304707754539238,0.6087418274513895
2001-02-28,1.0321909740287314,0.6225554333237867,1.1900988906052157,-0.576706839820536,47.59590515569571,-26.717812168307397,1.0694336985663337,1.284351254640948
2001-03-31,0.889913074842459,0.5603217149632392,1.2291932019017824,-0.6065242774929693,44.836841850884106,-27.127085044734525,0.8103061770268479,1.3318885006079981
2001-04-30,0.7757721610058097,0.5249799121030442,0.8031985803763567,-0.5636091418635909,38.87873275266463,-36.25052786582631,0.6311863997170414,0.9543538774132619
2001-05-31,0.804879051961394,0.44514293990613224,0.4203426156443874,-0.5666654543757932,55.46979930189979,-55.088683519054534,0.5351199810301993,0.6919012934541549
2001-06-30,0.6880652927758153,0.4668414128445108,-0.0622715572041168,-0.579584117591015,36.42875182814079,-97.36655910872683,0.4405105584604283,0.5851507711129579
2001-07-31,0.47048596934594245,0.38426726243249115,0.2828382113969098,-0.5849803471986753,-24.326717407148276,-65.91824216953012,0.1755360038762355,0.641563123916799
2001-08-31,0.3935494501762964,0.3849552141158498,0.7277059309878002,-0.6160600565906489,-49.679027409304545,-41.55156902656758,0.24969625901705605,0.9299699147163948
2001-09-30,0.3783240180595393,0.22424036253798316,1.6727130634537333,-0.6562831563669489,-135.42722727463178,-22.100686046262698,0.30455495317488457,1.7465599105815683
2001-10-31,0.09228241146729677,0.10622273447219599,1.8924509500445927,-0.6503905029844355,-127.17150777724241,-19.561936965943623,0.8191178983048174,1.944944840468819
2001-11-30,0.005577964098799685,0.13667473666355287,0.5821128357465438,-0.6146442459110087,-118.30601905417907,-48.01397991517731,0.8924686748003575,0.8279551447384247
2001-12-31,-0.14518371325056675,0.15833338566832178,0.5767203750840154,-0.6118578192994032,-110.0985072121415,-48.156494880029186,1.0830668777462755,0.8223633590347534
2002-01-31,-0.07655517615676209,0.17624319855254345,0.211389650378571,-0.6167273585361382,-109.89626451773651,-72.72370693061877,0.9696743704387564,0.6466876135071734
2002-02-28,-0.09662924166230509,0.1804173757657576,0.2787938659000207,-0.6255531033702442,-108.76073509896078,-67.62549454384123,0.9954908433299142,0.677341802666486
2002-03-31,-0.01652151657600062,0.26598402070125216,-0.2860535321651944,-0.6094750672117857,-98.23561072246537,-115.67959663585388,0.8282086678587665,0.6771290847861223
2002-04-30,0.012668290036506241,0.14346304511687072,0.3219325226934773,-0.6385139859366084,-117.72235370612181,-64.86655282432933,0.8753531061450672,0.7061868880215312
2002-05-31,0.009412276170822811,0.13886576605479073,0.0617522096404112,-0.6413046191595417,-118.19249193441017,-85.90115807900371,0.8848429155313465,0.6437666183018788
2002-06-30,-0.005415515889784915,0.07206111510776096,0.792413916177999,-0.6758097398407085,-125.63537245474845,-41.71400219580429,0.9875523484587355,1.016916117124087
2002-07-31,0.07772186156217833,-0.0763624659789559,1.6861937008566832,-0.7099383745905906,-143.87737045815717,-23.544115238744194,1.1450804501141314,1.7795269732346783
2002-08-31,0.12077058889456384,-0.010554771766444851,1.7684269260733796,-0.7072256650737558,-141.65841886117477,-22.475413957918626,0.9816747987836798,1.8523385768883767
2002-09-30,0.1778654975429644,-0.0430565402291098,2.718826262075155,-0.7493323742833782,-148.37099895706243,-15.869757291237148,0.9941765530202553,2.7437589772974755
2002-10-31,0.25917773236108793,-0.12468794412413302,1.5662142795090304,-0.7197533247006741,-159.10404076911365,-25.450290137741245,1.111895117264285,1.677034564138349
2002-11-30,0.2170629975074117,-0.04071071011781983,1.0755116727934193,-0.695756105834197,-151.25866868710807,-33.93377160496451,0.9591453142688813,1.2479362176860227
2002-12-31,0.1801485473262145,-0.1242199714304355,1.226497228697204,-0.7191222401443221,-153.47790530213322,-31.332374237288807,1.1597082872518214,1.384680844181898
2003-01-31,0.43992438144847795,-0.12888628950647404,1.57025862500592,-0.7287064971394787,-173.51452281427575,-25.667929396437245,1.0554075719816,1.6844630796013476
2003-02-28,0.6544608083807079,-0.1257154954907184,1.3626535177790566,-0.7338298398991592,168.59597056758358,-29.182854422756687,1.06215534786069,1.5069016737857304
2003-03-31,0.8809768768189135,-0.17435083605831525,1.297945532588871,-0.7330276207223195,154.24333103628655,-30.370598895277492,1.2832252141606701,1.4516862152385042
2003-04-30,0.4444311057426572,-0.18879881577890023,0.2275665181127844,-0.7012321828580369,-174.6082053803071,-73.51032208036776,1.195049949841504,0.7322401579686003
2003-05-31,0.3714707646411571,-0.10929862117405564,-0.0070001210466637,-0.6788823398769955,-167.3908361309655,-91.77660682878164,1.027296165275939,0.6800724187889802
2003-06-30,0.42763679494198187,-0.15688783375670842,-0.0002595452185099,-0.6743028214851041,-172.93873330193654,-91.23079249539023,1.12312267565874,0.6753159742780468
2003-07-31,0.5311484109527291,-0.21462746470167637,-0.0043038907153995,-0.666470232021213,179.047969762366,-91.58394024695563,1.250767904991712,0.6675726979532064
2003-08-31,0.5949800515979807,-0.1389574472658012,-0.1202392236928341,-0.6573463353220268,173.68172514398455,-101.30685175060106,1.0789270905051094,0.6712094801551131
2003-09-30,0.6382084740596926,-0.223855392189814,0.4311272798427585,-0.6622701492718104,171.72369915963222,-58.490569545634195,1.2857195390396758,0.7777948112100416
2003-10-31,0.7332152122301191,-0.21831354709137782,-0.4613043896702994,-0.6383685523114165,165.2784302386277,-126.00411434902621,1.3020193747853932,0.7901114134170727
2003-11-30,0.7060487950572858,-0.16200807152172625,-0.4316466274064642,-0.6332307175128068,165.604557269877,-124.48505352523141,1.1631840838328495,0.769205272925734
2003-12-31,0.7655303122792299,-0.2449738750194879,-0.1633778804862912,-0.6093031118038477,163.9453423447933,-105.89265950834383,1.375724130315459,0.634323959300271
2004-01-31,0.9378440602350963,-0.23024090057966518,-0.3898560857786325,-0.5994281927047408,153.39191351515385,-123.332031136781,1.4398631806946383,0.7183604114947425
2004-02-29,0.9678315700359118,-0.2446871869286201,-0.6702574834994524,-0.5925155031125786,152.3964466050424,-138.40742512571285,1.491120352121639,0.893706955539565
2004-03-31,0.9593816861385773,-0.2280947501545232,-0.3750270760833722,-0.5993541677894614,152.13509644624833,-122.36010899783511,1.4504960181446835,0.7104482856449015
2004-04-30,1.0548371677261512,-0.12880185442679806,-0.3143631792634042,-0.6089932124646087,141.8210082883522,-117.76769138869727,1.3337699192574717,0.6891244564950022
2004-05-31,1.1229893036038296,-0.04627892633312062,-0.5421894997213709,-0.6004351989220174,132.59394553711874,-132.1092754518275,1.2619606580095712,0.8103856685064257
2004-06-30,1.0953336737640749,0.0035071369744888634,-0.6985672591609986,-0.5910296175446574,129.73001097705313,-139.62754676861616,1.1527970733212112,0.9135896758798195
2004-07-31,0.999715139117801,0.016299968739440434,-0.5664550584493636,-0.6077115495995254,133.6877351926816,-132.9830060022403,1.0231295559712112,0.8317671771712134
2004-08-31,0.9714200735139579,0.009720874479741645,-0.5704992753829168,-0.6064906251402589,136.04111042839057,-133.2387621222668,1.003280206310447,0.8335721276363006
2004-09-30,0.9301272636200244,0.09221799493591636,-0.8333756902038978,-0.6014492844058401,129.8245411251968,-143.95748069072772,0.8242757114249226,1.0235025137350782
2004-10-31,0.9989115388572998,0.09021266883436685,-0.4383869461079323,-0.5949118495301673,125.79596026701815,-126.58221594030265,0.9106183500640985,0.7418012455951886
2004-11-30,1.0445821844575969,0.1804736707392506,-0.8468565847335194,-0.5720345466269292,111.59080523863219,-145.73502097800485,0.8697160819701207,1.0173010544078778
2004-12-31,0.9399756876958699,0.22770369761405765,-0.8401161374687152,-0.5558666340073019,107.85549489613092,-146.2878260765863,0.6809648305956328,1.0027966675661613
2005-01-31,0.96683837771726,0.3167362341737103,-0.9034761360566116,-0.5682641985207368,89.92536081932414,-147.5831971220785,0.6893885396789179,1.0613950943756747
2005-02-28,0.9728352057473204,0.36109714044072155,-1.0032343441731468,-0.5569646452264673,81.42188276536487,-150.69006462140362,0.7064938854914571,1.139191930224254
2005-03-31,1.0565182999357048,0.39503464160269286,-0.7417059159544555,-0.5670594846640473,77.37020506235966,-142.43158174117795,0.8475172033579111,0.9312328912369974
2005-04-30,1.0410680841798965,0.41261928008269416,-0.5678030450516528,-0.5772089065679457,74.23861489778417,-134.52299652191357,0.8346832449372744,0.8106141287090644
2005-05-31,0.9684675442170319,0.4420740096246985,-0.8401161374687152,-0.5600786182083567,66.83106813822775,-146.08785285803464,0.7525849251154137,1.0051435023993545
2005-06-30,0.939411490684202,0.48936311895457757,-1.008626676272339,-0.5592471071331497,57.80942364742548,-150.71926238438692,0.764874839201666,1.1448997811750519
2005-07-31,1.0277156663804032,0.5443640109289009,-1.0719866748602356,-0.5382202742774653,55.5493562051321,-153.06115197324004,0.9493046526140584,1.1895317622963717
2005-08-31,1.089053370128125,0.55295150001814,-0.9331338983204468,-0.5435691545956077,57.56639238210394,-149.5263526426984,1.0390095030646629,1.0731910726562341
2005-09-30,1.2720747010934808,0.6071253306813734,-1.024803672569889,-0.5390329072413103,59.395790488583316,-151.9846837436165,1.3451780734082774,1.1490516505098443
2005-10-31,1.2645856258545523,0.6397512954189225,-0.5664550584493636,-0.5525086814010228,56.39746078016559,-135.7094378859308,1.376291080363284,0.7922286171476977
2005-11-30,1.0634184618846394,0.6639892913296607,-1.0059304459410752,-0.5280578223139558,45.65145652829688,-152.0380188924493,1.1713019763509358,1.1276295382297425
2005-12-31,0.9984329598165462,0.6907850143741397,-1.004582459338786,-0.529169120109823,39.9195023300248,-151.9566926594529,1.1498525788251108,1.126990422302797
2006-01-31,1.0686741373892847,0.7177086923162017,-0.8859510245934364,-0.5152495552461658,41.81614816871688,-149.58739278858258,1.2683519868448958,1.0191242302167773
2006-02-28,0.9331915532876743,0.7684137776917858,-0.9681841212467968,-0.5118514865271694,30.921296192354454,-151.88309749093656,1.2411038840315876,1.0874870207189657
2006-03-31,0.92087431819578,0.7312542748070805,-1.0962521050248784,-0.5019992417234075,32.34595179248644,-155.12620974374906,1.1566674860879793,1.1949895430983515
2006-04-30,0.9660302119122567,0.7079913416421193,-1.0692904445289713,-0.4943341446062751,36.72440260641035,-154.9248231719392,1.1508130733754973,1.1678962638077914
2006-05-31,0.9966122545650442,0.7433478769245624,-0.4154695025455786,-0.5128426925019747,36.16423326390049,-129.26247224022939,1.2456811311896694,0.6632114970404177
2006-06-30,0.9769197174209268,0.7914418944410113,-0.8684259131302478,-0.5112882197104193,32.20805662965425,-149.28800915253103,1.3224483356713743,1.0023798502937318
2006-07-31,0.9159157778454342,0.7772703419485976,-0.6163341625076381,-0.5086122918530817,29.382179841731126,-140.40797557207384,1.2458250147577363,0.7990673203586349
2006-08-31,0.931250180859974,0.7811163097758116,-0.9722283381803504,-0.4955145938961366,30.10943178599355,-152.74450345864852,1.2653655553653558,1.0833817080087442
2006-09-30,0.8098068624183509,0.7803083966268023,-1.0167152387027822,-0.4789547029905011,22.31119125575226,-154.5240731028499,1.1811517274404875,1.1149225330020878
2006-10-31,0.656278696575151,0.808915777387781,-1.1353465448847957,-0.4591039076669169,10.39460097492032,-157.72613793134875,1.1794597004383307,1.2127871973832296
2006-11-30,0.6867202930002547,0.8216818424140216,-1.1609602187784134,-0.4461841671471541,12.301014641707903,-158.7242018359767,1.2181364377755315,1.231203119761676
2006-12-31,0.750438001549165,0.8445911088790324,-1.0733346614625248,-0.437323949105648,16.023574667332532,-157.58850682199778,1.2944176790258,1.1485201183413898
2007-01-31,0.599900391702994,0.8661488414244168,-1.2270163191342378,-0.4272250056635762,5.570281154342328,-160.55621697368218,1.3010447195059542,1.2850453102807617
2007-02-28,0.7075862784316829,0.8170927761873172,-0.552974163919742,-0.4405958215019803,13.885321053952804,-141.46562915434586,1.2148625500246955,0.7081337891922761
2007-03-31,0.8155827374839877,0.772202978784101,-0.6581247041354561,-0.4328519282516854,23.069656717555805,-146.57030045316873,1.1669578380116794,0.7866976368658157
2007-04-30,0.8694300730128681,0.8173705204242298,-0.7147442554585482,-0.4029101413141177,24.586049802245153,-150.45721727351034,1.2976656843500567,0.8181793866269919
2007-05-31,0.9351367448889076,0.8494483777184486,-0.8724701300638011,-0.3789661710923273,27.036050151634484,-156.3324461965859,1.4096083071541101,0.9452427225618121
2007-06-30,0.8939812923047186,0.7981353049637301,-0.4437794067704607,-0.3896368967772066,26.976637197782637,-138.90895947497756,1.2732529392705125,0.5935761275742726
2007-07-31,0.909460743202351,0.7454773644755024,0.5389741789530867,-0.4121541296998878,30.751653941520257,-38.882420702164865,1.1760525838800289,0.6574195047800749
2007-08-31,0.8017065322464496,0.6876498681201273,0.5201008237609369,-0.4032142952756813,26.4985611300763,-39.29536178521239,0.9771450999281222,0.6374788340532083
2007-09-30,0.8281404941534335,0.5925700864366593,-0.2051684221141229,-0.3758979059595329,36.22344630616568,-119.67761693630897,0.8064215182368648,0.43320098107147353
2007-10-31,0.842609426985686,0.590560334402345,-0.1337198610957837,-0.3659547588951966,37.677750051967756,-111.5567398802865,0.8159868667421512,0.3939771118658215
2007-11-30,1.0013459537364873,0.38121379408695866,0.4513487502005338,-0.394727125769208,78.37203844991484,-42.83801021766096,0.757897308357728,0.5812807448352489
2007-12-31,0.9167531958792923,0.36045072358557423,0.4014695175789233,-0.402768144480026,80.37679125595476,-46.88649114717091,0.6212699254926235,0.5524378174976957
2008-01-31,0.87514816722326,0.13036437365162226,0.9002608152883271,-0.4454561780992662,128.60303885780513,-27.294509220983723,0.702098280031607,0.9726497777874247
2008-02-29,0.9050936757116641,0.011075784120520016,0.9460957024130352,-0.4625985218207616,140.4085249117986,-26.999145261088472,0.9330399372585366,1.0202862342829508
2008-03-31,0.9836171190599312,0.03651748372908389,0.8207238204028816,-0.4683772393217115,132.66439520414775,-30.799264971867064,0.9725303637539843,0.9159054551549962
2008-04-30,0.9895355331230666,0.19860174110107146,0.1709472239163648,-0.4378527940856553,110.95422921091014,-70.81013130152105,0.7755057955124853,0.46420318345125533
2008-05-31,1.0200635058434637,0.239749545484652,-0.2280858656764766,-0.4277103998759287,103.16989357317752,-118.94544534375493,0.7918945904877587,0.4893881264897859
2008-06-30,1.0506517882344655,0.23102126230960718,0.5969418454418041,-0.4846336432774579,103.8039694404048,-40.491147853138735,0.8423358460360497,0.7473078656354598
2008-07-31,0.9828312963463919,0.1955113236446374,0.460785299233266,-0.4902423035297004,111.73526956004416,-48.42353059547075,0.7685723631882104,0.6561754522502052
2008-08-31,0.6932840920574325,0.15937970402590287,0.1520738687242279,-0.4806832857990766,143.90074320481347,-74.4238379571143,0.4575702044448109,0.49964420285545225
2008-09-30,0.5805508099158728,0.039376161563461055,2.678383835612949,-0.539835793295346,171.57738107683585,-11.745375317387373,0.6594663188515418,2.655310143519277
2008-10-31,-0.014943154082126403,-0.124088002096709,5.441956671992382,-0.6338223015974586,-141.76830065835992,-6.83221601290363,1.3206021992277597,5.334701333373759
2008-11-30,-0.4218629442841233,-0.05740473229843649,4.82048972260409,-0.6668842690287883,-121.40806513920688,-8.102440736602237,1.6892082432673148,4.737590807106925
2008-12-31,-0.7016343489460286,0.09855336055243653,2.760617060829659,-0.6625548606499346,-105.33188173699216,-13.903467723077135,1.9400826219992755,2.760856151272531
2009-01-31,-0.8429779478132747,0.016437189877187564,3.413089887647426,-0.6991986767383435,-108.69142585864216,-11.918840440235767,2.2041936433260276,3.3898293545021803
2009-02-28,-0.9403512758441565,-0.024183786316637496,3.616650392250728,-0.7432106949789282,-109.72176740606183,-11.952142224468446,2.3767853776032037,3.593312773113562
2009-03-31,-1.0498701069375105,-0.01850267803593897,3.31872388306672,-0.712752759346171,-108.15282068869065,-12.479181666443004,2.5314274159477677,3.302679235069103
2009-04-30,-1.175259895519014,-0.1304975600597018,2.288787552179512,-0.6734062627859165,-112.05393669717488,-16.898363534967377,2.802947014472158,2.319644902395291
2009-05-31,-1.197496430513982,-0.20826265970147442,1.266939655159397,-0.6479555281860151,-115.1480787050735,-27.960357439484458,2.907584192456345,1.3837363417139812
2009-06-30,-1.0735894939930721,-0.18261212173104377,0.9204820285194172,-0.6482571683473308,-115.70029147935006,-36.28534939574121,2.709913824449656,1.0967786938740935
2009-07-31,-1.1115360942066563,-0.2010348030864849,0.8625143620306994,-0.6138978917187008,-115.98549650800739,-36.60489530123422,2.78123680378619,1.0308320857980244
2009-08-31,-1.0527328740962907,-0.25681863290346296,0.8746471413946959,-0.5956157791576605,-119.2571847412952,-35.39419699915113,2.762187967386428,1.0296521197127209
2009-09-30,-1.0999504890984118,-0.26719106289010375,0.8207238204028816,-0.5774196442669697,-118.97245880119152,-36.31142898927793,2.8373789167374612,0.9763243203566039
2009-10-31,-0.8580970129833301,-0.3199815749850424,1.5055506398157346,-0.5876357039990926,-125.37149210145024,-22.016556679151854,2.589037250361584,1.569546207237706
2009-11-30,-0.7717378458938462,-0.36114757674754155,0.6724344948303471,-0.5555281609503098,-128.8849922873911,-40.905536514052805,2.5418766978079956,0.8494543777995325
2009-12-31,-0.767694403772288,-0.3743472576431093,0.2909266452640167,-0.5449598285503122,-129.51460684405586,-63.70009978070631,2.556717126098027,0.6086564537252649
2010-01-31,-0.5298562105135789,-0.47287420816724923,0.6872635045256074,-0.5654514040366395,-139.14833417743438,-40.77551418597373,2.4574521193300836,0.866900811463828
2010-02-28,-0.5830589477041476,-0.4642357772407659,-0.0029557755497741,-0.5485016893868385,-137.4253773593023,-91.78725450531184,2.496595169879764,0.5494663881000321
2010-03-31,-0.5527235025373974,-0.46527117434134563,-0.260439858271576,-0.5143905476905078,-138.25984601799192,-117.527390241247,2.467157520861975,0.5807965548771192
2010-04-30,-0.40849213595132006,-0.4467569123970025,0.3408056207589418,-0.5051948832919604,-141.6657279226435,-57.815103011605935,2.2913119105906383,0.5976806493907394
2010-05-31,-0.379715210990633,-0.4171811649853486,1.6915861615191974,-0.5531546940417386,-141.44359270950346,-18.696320583088472,2.2092975463351854,1.7278248961665783
2010-06-30,-0.40719634294761387,-0.3940877181874239,2.0245631507562285,-0.5819045410013329,-139.69683552415134,-16.542600429759922,2.1940691253421396,2.046318129116869
2010-07-31,-0.3301802061623578,-0.41886930332791444,0.5362779486218225,-0.5459167152952108,-143.0818719177925,-47.033397396426345,2.165912476708131,0.7469900854832049
2010-08-31,-0.31201541987594084,-0.32133722720597224,0.8800393449305386,-0.5712358671169822,-139.7131703668525,-34.105152160742584,1.9689168353986648,1.0200614328641397
2010-09-30,-0.2956647187607917,-0.354124441995152,0.5632397376810793,-0.5230938410152757,-141.6797899888274,-44.3681125602863,2.012784036408971,0.7490128683020604
2010-10-31,-0.20189134061214925,-0.3976664558679485,0.2262186600738313,-0.5007183483423567,-146.71271490193715,-67.6115379005433,2.011770271329873,0.5422265333729954
2010-11-30,-0.2013208963763412,-0.4079377908493456,0.5416704092843375,-0.5007183483423567,-147.10781142262724,-44.264752341713,2.0315605366040135,0.7182994873963865
2010-12-31,-0.022628846891051824,-0.4698785215023554,-0.2388705298748477,-0.4600662834068786,-155.88192834398092,-118.23656867657793,2.0288856806981617,0.5228721502922995
2011-01-31,0.07262415022510627,-0.5142265935831839,0.0010885699471154,-0.444950571752203,-160.75728437920594,-91.69579801288086,2.0719854065405334,0.44571151385920044
2011-02-28,0.17679975952240196,-0.45517441287968613,-0.1579854198237762,-0.4218898226856758,-163.9434604577805,-111.739116278903,1.8909087828335502,0.45476947595071093
2011-03-31,0.2920014030708284,-0.4124162987169631,-0.2402186450404731,-0.4218074870873378,-168.59625834978436,-120.49132510786993,1.751004883083524,0.49012516974381237
2011-04-30,0.36195499305819656,-0.42637313925107784,-0.6432958230035453,-0.4019107789699426,-172.22458407138242,-147.9225306104851,1.7655412489880093,0.7577631199617312
2011-05-31,0.3718712539271724,-0.3955909377724168,-0.5489299469861885,-0.4098384258678398,-172.4030426286316,-143.27206901935355,1.6916575285394,0.6862016475403286
2011-06-30,0.2917908178425318,-0.4064770828032535,-0.4046848383472075,-0.4216299396068268,-168.4945991624858,-134.10676166351195,1.737359341055733,0.5879387978738648
2011-07-31,0.28451655145014104,-0.2822407722649416,0.7721927029468961,-0.4353764208580213,-165.76362415971008,-30.52351508889092,1.4545102153589267,0.8583124542273045
2011-08-31,0.24214014651103538,-0.12200796659889483,1.6309225218259016,-0.4723987490601539,-157.73384381686097,-16.691447800139088,1.1156427058179013,1.6468331633068163
2011-09-30,0.22450081994704368,-0.04895792089392955,3.159649893295841,-0.5165786700748422,-152.40055534899093,-9.565237422994528,0.9708807733900803,3.1126794760925196
2011-10-31,0.15495587040373499,-0.12513175146999891,1.4071402897381522,-0.4519389792052026,-151.8437407474283,-18.415928649385567,1.1793729814934206,1.4324002454756395
2011-11-30,0.15679483535388206,-0.10575075545180927,1.115954099255612,-0.4546080328751883,-150.88444629064406,-22.95184959206534,1.137955446884932,1.167271171134991
2011-12-31,0.09781659654453911,-0.06449059663071115,0.5227970540922007,-0.4477728053256009,-144.3145022325539,-42.11259649252562,1.1043477251876996,0.6685788810668547
2012-01-31,0.21907903866574985,-0.05334413756046611,-0.011044209416881,-0.4171174953575508,-152.24988161336526,-93.42980470341203,0.9838939145376008,0.4183972575197341
2012-02-29,0.21996821716615045,-0.06579017007733057,-0.1472007556254056,-0.3870945528675005,-153.09327110422126,-112.16723192449672,1.0093099651241884,0.41852107377390585
2012-03-31,0.27240445254678824,-0.12461945925972533,-0.5421894997213709,-0.3638817007314285,-160.08464001793016,-146.15860665429997,1.1046666166514283,0.6542415125322132
2012-04-30,0.206652998000441,-0.07866478056542092,-0.3197556399259192,-0.3688544032077512,-152.84673573737368,-131.4623571763446,1.0456068502931095,0.49283142896654447
2012-05-31,0.10929805231337297,0.004279996937349669,0.611770598010379,-0.413292821503848,-139.55300752958445,-35.3765266125618,0.9658444350656255,0.7147773106341023
2012-06-30,0.019605239484664305,0.011021895888152574,-0.329192188958651,-0.3850681256781579,-133.25879838245083,-131.03103140705434,1.0493804961788924,0.5111097010493443
2012-07-31,0.009389666920185946,0.010013833503215256,-0.079796540103956,-0.3765067262444502,-132.77268579438226,-103.73306120241838,1.062462613012749,0.38807974692377106
2012-08-31,0.12227685536875399,-0.005111296143429793,-0.2766169831324621,-0.358160438352015,-141.29579592772413,-128.3981253997337,0.9702046515160959,0.45758519634288386
2012-09-30,0.228150689999982,-0.014018038965389371,-0.5111836222919103,-0.339130894495843,-150.27947290543005,-146.5061139627948,0.8959718417238867,0.6153181403070844
2012-10-31,0.1532527473153355,-0.005736223515717824,-0.1242833120630514,-0.3531377705152859,-143.60773009426927,-110.97417828015614,0.9423965222135547,0.37867722647970353
2012-11-30,0.06776628691860592,0.0019242032153945858,-0.4923103956630963,-0.3488610980831333,-137.01097771931788,-144.7755184525054,1.0124103758541891,0.6056101149368699
2012-12-31,-0.002742713248934825,-0.014243550146848305,-0.2024721917828587,-0.3420711162484435,-134.27777896979478,-121.73858080018536,1.1153121522441503,0.40273172063295787
2013-01-31,0.0006374733128916565,-0.08916922853980684,-0.7066558215914414,-0.3028218322691898,-140.28622216913305,-156.69626570261275,1.2416185037226561,0.7664376825660402
2013-02-28,0.12934730464839128,-0.08720857054043374,-0.5408413845557455,-0.2925382624834955,-147.91834326816928,-151.61590694147245,1.1217999670211054,0.6161601821136109
2013-03-31,0.08704991702870707,-0.08807445886899594,-0.9196531323541612,-0.2615438638846753,-145.25271213639354,-163.97527897615953,1.159257345804991,0.948648552818429
2013-04-30,-0.02159543416006604,-0.07609554640665006,-0.809110131475905,-0.245265811769185,-138.1649438451582,-163.01303321564814,1.2405822812682172,0.8405755820473308
2013-05-31,-0.004652720896219709,-0.17755503191023406,-0.4343428577377284,-0.2248775019275644,-145.43470524913664,-152.80148991676194,1.4126393190062418,0.4926183297768686
2013-06-30,0.010850436716802137,-0.25096689904468583,-0.3588499512224862,-0.2366736840758812,-149.80046533965083,-146.96860093958267,1.546009795728424,0.4347371689935975
2013-07-31,0.09621530418784774,-0.301677774949272,-0.8185468090719868,-0.1916042323923723,-156.046703238803,-166.7242734057181,1.5927972825763048,0.8354380645213272
2013-08-31,0.11496156492214224,-0.3217898727207263,-0.3386287379913967,-0.2191130969371999,-157.65191539220925,-147.5271681595296,1.6250448904322696,0.4086270056060845
2013-09-30,0.09057309396745097,-0.3121561947866674,-0.3939001741488498,-0.1909579633018053,-156.12126804194426,-154.37827060421176,1.6188677455897498,0.4421565536623909
2013-10-31,0.05617515751162491,-0.28152791091478496,-0.7781042540464445,-0.1484549150156362,-153.3040240563958,-169.1240197780067,1.5761783639804963,0.7877925721330731
2013-11-30,0.0030784884027719728,-0.3617193195543637,-0.784844701311262,-0.1199923959084893,-153.6917316344158,-171.24587226502206,1.7815629132130337,0.78941676628056
2013-12-31,0.09323947424927273,-0.39932660826536165,-0.7821484709799978,-0.0943560604017387,-158.87611058529484,-173.0725940579185,1.8070341773041823,0.7833074405513409
2014-01-31,0.2261192527182426,-0.3211912731542152,-0.1498969859566698,-0.1301137567926202,-163.41146085019597,-140.941170862269,1.5667897006650564,0.20675363992536017
2014-02-28,0.5019517800005595,-0.32362393305135817,-0.7444021462857197,-0.0855673532063077,-179.0869151384244,-173.40241377435115,1.5075003864626197,0.7456888785554197
2014-03-31,0.677713313342378,-0.3130229160292099,-0.7605791425832693,-0.0770794662588501,170.58874531901805,-174.1751826869394,1.5025653778457928,0.7604649521593956
2014-04-30,0.9446206404301274,-0.3127250912314074,-0.8239391411711655,-0.0699073042169011,156.1413687586438,-175.1113475589339,1.620081550958364,0.8213626212071418
2014-05-31,0.8310608626493965,-0.28278047457617833,-1.0949041184225892,-0.0457983555158388,161.17660412817176,-177.57502303138398,1.4908465559188582,1.0837931476142537
2014-06-30,0.8357298664409201,-0.2617116850121118,-1.0719866748602356,-0.0238522896656215,160.2736745499734,-178.7098555398621,1.4463696527460352,1.0607252364826611
2014-07-31,0.7637482990831608,-0.2546269102800324,-0.3467171718584901,-0.0384316667808772,164.3110427107981,-173.77228414145284,1.3968448781663896,0.3547238520318451
2014-08-31,0.6196801430737598,-0.2278105551612856,-1.0018862290075217,0.0038088310521362,173.03189949896134,179.77974081735812,1.291181554764157,0.9920492284699672
2014-09-30,0.551129593365693,-0.23961158245944839,-0.4329947425720896,-0.0115409593396266,177.75013842082012,-178.4846962577655,1.3104492234565457,0.43698578733583715
2014-10-31,0.18042276432899226,-0.219813134733209,-0.7403579293521662,0.0143005737021448,-157.7185265546402,178.88667624516114,1.3647083240739672,0.7369428046576331
2014-11-30,-0.1451626405533666,-0.1932047912603777,-0.834723805369523,0.0451549765018966,-139.7198080540946,176.8778926287265,1.5731449650091016,0.8301320826741982
2014-12-31,-0.5408265789297542,-0.10763541275723776,-0.043398202011967,0.0422277332365328,-121.58336237313607,143.24273576133425,1.9066811257913288,0.0706543683789369
2015-01-31,-0.8807752766328968,-0.04661474966154391,0.1952125255176849,0.0081233113466261,-111.72094348607267,2.6420025549114228,2.3099571257650786,0.17645267651653343
2015-02-28,-0.7120334230096615,-0.04727460850809421,-0.8333756902038978,0.0709003744689256,-114.41156236504321,175.09714622508508,2.072253117493216,0.8306234687480087
2015-03-31,-0.5220752709921798,-0.07864690565524783,-0.5704992753829168,0.0523719735624421,-120.24644376078858,174.7531596171859,1.8469122437745527,0.5734330475001561
2015-04-30,-0.5114523585106376,-0.1053788242454456,-0.6702574834994524,0.0637907978903229,-122.16939061910425,174.54133709945881,1.8655946150070648,0.6714341379206713
2015-05-31,-0.3091482973382311,-0.11955376242101778,-0.7659714746824482,0.0788658292291603,-128.98023735140796,174.08202098559096,1.6320949736757666,0.7658829559417849
2015-06-30,-0.12274415064919461,-0.1683269015260633,-0.1741625446846623,0.0547415930508513,-139.27717108643537,163.4311284307081,1.5062467505177226,0.19220689948792583
2015-07-31,-0.17150009019455364,-0.1205642996250249,-0.9978420120739684,0.0810253265923235,-134.2190071763138,175.3062116217483,1.4755504642020159,0.9914199101760396
2015-08-31,-0.23101008738330825,-0.09740763987251318,1.200883554803586,0.0085049785197045,-130.3070566580762,0.42143018280835226,1.5064739957637736,1.157779801555431
2015-09-30,-0.36406823578521763,-0.08972700578812409,0.6710863796647217,-0.020004325539361,-125.25595390345225,-1.7906329381066752,1.6569194311500777,0.6410066158282469
2015-10-31,-0.39601069568489966,-0.07206587514809944,-0.6001571662100884,0.0726086424687151,-123.12455533237025,173.0909631642664,1.674094678421572,0.6043635858839328
2015-11-30,-0.4051977247220534,0.0005462755398816613,-0.4572603013000821,0.0769272270366532,-117.71029126475281,170.50468752448407,1.5995828038639637,0.46691202802870074
2015-12-31,-0.4488020379017439,0.0348342671917366,-0.1768587750159131,0.0564343691665906,-114.0888734260982,163.17455823876145,1.624515046131971,0.195214316916436
2016-01-31,-0.44211440635114485,0.038408961665296705,0.0914102290309321,-0.0015787291519731,-113.96454575906046,-1.2080687640807677,1.6117134480453355,0.07497606107264358
2016-02-29,-0.49593494252470105,0.09940520935823079,0.138592974194593,-0.0024932936026978,-108.18637928309468,-1.1818832733115725,1.637153300646291,0.12103308524736073
2016-03-31,-0.3625040423547691,0.0669788551888997,-0.7511425935505373,0.071923693424942,-113.50288243636916,174.49578053940903,1.4727923149526372,0.7507907577250647
2016-04-30,-0.21919762137349003,0.07534499641506931,-0.5152278392254637,0.0765773652932338,-116.65788334801483,171.5655430698429,1.2651794497581814,0.5227420794779113
2016-05-31,-0.02961992416811446,0.11014872836013967,-0.7187886009554376,0.0967423176690857,-120.04226216648006,172.29279121042225,0.9700943908108713,0.7222779441073478
2016-06-30,0.10551255235690786,0.09077450441405112,-0.5246643882581957,0.1009332690152182,-130.0348192891055,169.13017118732802,0.8259546941149106,0.5359131188135456
2016-07-31,0.11840958179525807,0.12733127877485773,-1.031544119834693,0.1450538878508403,-126.00704121887634,171.90382701512254,0.7572872825638437,1.0312650286885723
2016-08-31,0.12133008465935068,0.1520100993236009,-0.8225910260055403,0.1465554198854567,-122.47697544537058,169.81836497053337,0.7208588644079601,0.8301316203468254
2016-09-30,0.18027742025466525,0.13441282594104256,-0.8401161374687152,0.1466285726426284,-129.61785322928426,170.01801148249555,0.6720133976673485,0.8469839779680844
2016-10-31,0.2973262434418546,0.10993227810852935,-0.3318884192899152,0.1248624654663339,-145.18902719247063,159.71004033130322,0.592147286464919,0.3605293314705343
2016-11-30,0.31684540599799305,0.07086903703241787,-0.834723805369523,0.1703090698910845,-151.94889523276413,168.37500405822385,0.6551405076871556,0.8462588837779242
2016-12-31,0.39815291113643825,0.07545792187300239,-0.7390098141865408,0.1962389402914818,-162.09491224554978,165.04252559322478,0.5962503347224906,0.761282010834003
2017-01-31,0.5547293011946134,0.07420600477417454,-1.015367123537143,0.2195923523625043,174.29568989825606,167.66176297243163,0.5731590101499514,1.0289643558395631
2017-02-28,0.5743320194070172,0.10661319768922499,-0.8899952415269899,0.271787386215238,170.00600255494265,162.86826969361192,0.501605191426,0.9238324493594258
2017-03-31,0.5414092358781757,0.11167298704901611,-0.9641399043132436,0.2735130960323998,175.6668482703403,164.002179203965,0.48345867134543447,0.9936867427068823
2017-04-30,0.5658988392939057,0.136917249364734,-1.17309299814241,0.2872342348743127,170.05388643605326,166.06537319697713,0.42906887945211225,1.1942771645256136
2017-05-31,0.5155472826230265,0.15032917066378515,-1.228364434299863,0.3069362623212021,-179.53706911907614,165.78349463627984,0.3910446081898377,1.2513975109908702
2017-06-30,0.5555572977275403,0.1456052525542363,-1.1245618806864244,0.3159614587747411,171.75984649969365,164.11582618555943,0.4063530188071652,1.1559029502384186
2017-07-31,0.5750439477189369,0.1307380625723457,-1.2485856475309662,0.3452467172829031,168.6007681358413,164.33622987099454,0.44597106686075666,1.2803569301819133
2017-08-31,0.643376365722844,0.17038446876176958,-1.2040988755718705,0.3494892752953869,150.69033594845604,163.60546162424768,0.39426821127584105,1.2398002570496134
2017-09-30,0.7961484802401683,0.16382604389249525,-1.3496919708131352,0.3788728232184173,130.0449087447185,164.09714289285486,0.5583620589248892,1.384469371752424
2017-10-31,0.8749214546996859,0.19759206525322817,-1.2593703117293236,0.4139285402513233,117.02706718227113,161.56461798959688,0.6155567895480278,1.3105915310435667
2017-11-30,0.964718931391172,0.24321806860673048,-1.111081114720139,0.4604722322992353,104.09294069871838,157.23349873684853,0.7074276103979391,1.1914357954387071
2017-12-31,1.0029147809183399,0.28806478364359245,-1.1434351073152382,0.4795044953038057,95.11244843760518,156.9837421101745,0.7477251465080736,1.227937616067116
2018-01-31,1.1473681217750353,0.28202273453722104,-0.8064140297079904,0.569019701067048,94.78278946654153,144.5852986253776,0.969804253825667,0.9831798393558949
2018-02-28,1.1724957959042839,0.2771191702346612,0.0442272267405725,0.5080139022386639,95.25364735806038,86.74692283242037,1.0092277229325577,0.5094807846690248
2018-03-31,1.117860302533407,0.317569626879526,0.0604040944747858,0.4636960886633317,89.82205006357674,84.50081019687958,0.9211493436732897,0.4664323880632211
2018-04-30,1.1637355456489709,0.3323118159933119,-0.4842218332326533,0.4718231364151563,87.8293624932023,135.86033858623742,0.9922566401874009,0.6783693803509815
2018-05-31,1.2746678960482867,0.33069776847376553,-0.5516260487541029,0.5102466545624005,88.33448724050902,137.2462535272794,1.1622715028533301,0.7525909169708189
2018-06-30,1.2173914104412504,0.37184135088219294,-0.4626525048359248,0.5195573837866658,83.0616179319794,131.83969130398984,1.0818069440085871,0.6982659645276613
2018-07-31,1.1668199720999,0.39251743532532757,-0.9021280208909724,0.5798827480031133,79.79315452437311,147.01774596126546,1.0122981703768794,1.06657269217212
2018-08-31,1.0908063736451585,0.39907067664419743,-0.8980838039574327,0.6337859476522346,77.51196875687216,144.53258791898597,0.9009434156412186,1.0936715418827185
2018-09-30,1.0799341623065892,0.4154241546399426,-0.9978420120739684,0.6441463636377693,74.86952373228732,146.86605990044197,0.893932914366021,1.1799626922329804
2018-10-31,0.9853858769542244,0.3992186409933283,0.2302627484440352,0.5230097272859501,74.79042311399382,68.10410189061999,0.7439079051365852,0.5643879938324178
2018-11-30,0.8501395276862518,0.3992164478421585,-0.1957318730813906,0.5532788044801455,69.07122633603738,110.33204527478749,0.546348108477973,0.5907916998422793
2018-12-31,0.7626471529705863,0.39127801351373853,0.7951101465092498,0.4069346949049613,64.86084829528997,28.14234652682134,0.4153835162937194,0.8638614270374395
2019-01-31,0.6023548218512244,0.401599341564889,-0.3979445196457394,0.5282934575749927,32.93410046619737,127.27684578349434,0.23921432794844602,0.6647643461879315
2019-02-28,0.6469832876419601,0.39772120944309525,-0.6392516060699918,0.5813610926409646,46.01361105319098,137.62898296918297,0.2759412940261156,0.8637415506732549
2019-03-31,0.7273471622148845,0.3869075167785554,-0.7834965861456232,0.6119540739317152,62.69423712503859,141.80933635721829,0.36222964886235826,0.9910264251765243
2019-04-30,0.8164178947200041,0.35572139891879545,-0.8630335810310691,0.6822515181886569,78.56913425806779,141.42611732092763,0.4678336660047195,1.0955789196118146
2019-05-31,0.7823890029133971,0.35167517207699506,-0.1094545594944635,0.5680336251650966,78.42981972908115,102.01749752842153,0.4147615828244144,0.5814999730047162
2019-06-30,0.6859393080448748,0.33970699700930007,-0.5988090510444494,0.6847190169335455,77.98053447545367,131.127575165079,0.26411282927593627,0.9101790984427265
2019-07-31,0.7195517061410776,0.3966215841088607,-0.4586081593390356,0.7118358520906642,58.61593766918476,122.9417789021803,0.3630145494096283,0.8492861092017379
2019-08-31,0.6486016789630373,0.3953238025363659,-0.0730562214024879,0.6813519332601919,47.224497545660675,97.14768520080838,0.2738679775253631,0.687561471632447
2019-09-30,0.614157046511832,0.41354969266788205,-0.4424312916048218,0.7161850102683139,32.91282023512417,121.88213593850118,0.27268402179000534,0.844499897575089
2019-10-31,0.6437051895450256,0.40061008738258974,-0.8495526865014474,0.7565257909412205,44.27918565247435,138.07091583826903,0.2771740908762789,1.133606723464607
2019-11-30,0.6662556708814578,0.42832413886482734,-0.9304377965525188,0.8240476328681459,40.86013101859947,138.18435204992448,0.34868724290505787,1.2375142825139913
2019-12-31,0.6663539259121043,0.3847934718596823,-0.774060037112891,0.8802076961027293,54.7723526518449,131.13191051998936,0.27944230541950904,1.1701144069663196
2020-01-31,0.5430043870060468,0.3974849346083345,-0.091929319467952,0.8794043477800176,11.528799804411578,96.73420707708648,0.1950158522738313,0.8866395605333286
2020-02-29,0.34880531102789136,0.3162883845504541,2.77544607052492,0.7220056399050492,-90.03466654425638,15.01885443448309,0.2590403184049857,2.7897364903192576
2020-03-31,-0.12735162254171992,0.3555086836577496,4.585923340571314,0.4933903053423946,-84.67699763323117,6.318744288887757,0.9940333385010568,4.488642265187249
2020-04-30,-2.8653989406973404,0.6284404076078794,1.971987944930039,0.6968426944176845,-81.94138566856714,20.064433396455275,5.243307198835864,2.0337397932579413
2020-05-31,-2.421976423497888,0.7309382102409084,1.0768597879590447,0.7828735461727895,-77.7863963435857,37.09342854158056,4.61552734369763,1.2996973683835946
2020-06-30,-1.8706622614503996,0.663358697639751,1.4705004168893845,0.816420856647532,-77.42901073432931,29.91261241695941,3.755035230210201,1.6392501544690465
2020-07-31,-1.1084304328771326,0.5917914704788961,0.6656939190022066,0.92980205748857,-75.42701126363563,55.68503271290513,2.578249408010458,1.1271663762575097
2020-08-31,-0.7230978871568352,0.4777643985769597,0.9285704623865236,1.0720904409039589,-78.70845434129222,50.27515641727374,1.9415552914823009,1.3956860461112957
2020-09-30,-0.5408166000042931,0.44740324208640697,0.9231782588506808,0.9904300883381296,-79.2405190846684,48.198403798889174,1.6533124269016402,1.3303098693287585
2020-10-31,-0.29634135068903356,0.3591640256025914,2.4936964290751247,0.9380879279818852,-85.38506493981575,21.217104456630477,1.2531395405634687,2.5953942850728735
2020-11-30,-0.14522385141616334,0.3513232365526711,0.1412892045258573,1.1607437149511897,-85.37094215968017,83.92762446180579,1.020501971220966,1.168777487342743
2020-12-31,0.029544616275313934,0.2826604488849957,0.4351716253396481,1.244826012457545,-96.04830034912672,71.77285077226277,0.7531675498239723,1.3122524003076548
2021-01-31,0.5660609525516308,0.2114076992995011,1.829090822893361,1.2208413108182152,163.25709807985496,34.616840232289,0.2581191917875756,2.1517768440459757
2021-02-28,0.879735929403784,0.12373434492883899,1.1361755696134008,1.2856190478897964,129.22686356935532,49.62432291297742,0.7173854907643826,1.6897230972956685
2021-03-31,1.0448731531402435,0.039179069055686466,-0.016436670079396,1.394324006048142,128.89676929496136,91.24305553822225,1.0396527611395108,1.3964254576185733
2021-04-30,2.0292427896472054,0.06172404650594121,-0.1229351968974126,1.5267651717223518,104.49518774385898,95.01808651021568,2.3960129092925064,1.5345882549212893
2021-05-31,2.2063932613056596,0.06036523772457451,-0.3723308457521215,1.544071314078981,103.09654840335995,103.72607635670876,2.6608068100949898,1.5914853987693232
2021-06-30,2.203893682436109,0.09131283502533956,-0.497702727762275,1.603568296863204,101.57532339553035,107.29654227953542,2.6414855453939614,1.6816536544661205
2021-07-31,1.7237532821939205,0.10048040948467203,-0.1728144295190235,1.6697844674718738,105.35980882328039,96.24345313673652,1.9195049959647656,1.6818831591125478
2021-08-31,1.6665292812890131,0.07327140981896756,-0.4100772990097359,1.752474911313865,107.98962648350957,103.28987129220006,1.85375304080677,1.8029879800740125
2021-09-30,1.6704338244891437,0.031004925185481036,0.487746831165837,1.6191230797107934,110.80126210859991,74.10137824405514,1.8924750583769714,1.6856618300147699
2021-10-31,1.863124524064678,0.0805243200297703,-0.4397350612735711,1.8105244310249349,105.05622995823771,103.74449421147789,2.1382232657905273,1.866267170470762
2021-11-30,1.8838257928435047,0.11205222006617187,1.0337211311655876,1.7870681129038064,102.92597855976896,60.93246373604109,2.1510980556201957,2.047188517185934
2021-12-31,1.8323822416262305,0.15149308922388358,-0.3103190908931869,1.920995933293774,100.89325049120568,99.36185947871829,2.0546672062297984,1.9494031484260832
2022-01-31,1.7493012378338804,0.22994997778869972,0.7155731516238176,1.7612003142601835,96.14514585441698,68.79668827072572,1.9010724687779215,1.8914878503394865
2022-02-28,1.7911279549971026,0.29629201190979826,1.43275396363177,1.6764862141513397,91.38506329985358,50.493977051315724,1.9549068212812253,2.175621812640869
2022-03-31,1.8384603251484934,0.45563840723170745,0.1399410893602319,1.7811863347028654,80.80690292927802,86.07635206439075,2.0533456513099027,1.7876410485614682
2022-04-30,1.7300548296850566,0.4438124121826689,1.8708816216478648,1.5275344567270952,80.83480001023386,40.17284301539592,1.8846746356285162,2.3709302447314498
2022-05-31,1.759928025136106,0.3625212708081291,0.8989127001226884,1.533485180535967,86.73571858257202,60.66044097534236,1.9095547392671162,1.7613628825343732
2022-06-30,1.7744713584867284,0.4454317903237412,1.238629750934528,1.315600848803919,81.04288969513829,47.79627426809027,1.9525860407286673,1.778270897883501
2022-07-31,1.5718342589083942,0.49259711493809255,0.2437436429736705,1.5388582742519972,75.60959587937235,81.7419341030377,1.6702126881540043,1.5569586950497403
2022-08-31,1.4595484354469277,0.5543382859061409,0.8557740433292312,1.4308288261153634,68.80555888839977,60.18632917728405,1.550364990666563,1.6511879943670704
2022-09-30,1.416458607469137,0.638092601760591,1.6309225218259016,1.1960497724926995,61.21734745267863,37.205184190311655,1.5738118030616128,1.9805317840490353
2022-10-31,1.2104143018272446,0.6501170357224991,0.8571219013681849,1.3833783666604529,53.521506083403764,59.30549281694175,1.3222283563110757,1.6108097675909365
2022-11-30,1.1539973104411756,0.6863939712361367,0.1426373196914961,1.5219225129888552,48.25377168674259,85.31230551857406,1.3089382950972297,1.5289720407106953
2022-12-31,1.0817158609979227,0.6187251754703168,0.2895785300983778,1.3703179633971858,50.55730252394142,78.9332191214405,1.120966460945772,1.3980583888394953
2023-01-31,1.0773642392288865,0.6223064329639943,-0.016436670079396,1.5262238608186152,50.00762944136546,91.13565722043022,1.1212195814542283,1.5284646222039622
2023-02-28,1.0252296573609962,0.7261803949796972,0.1588144445523817,1.459971985586032,38.90516628794833,84.50060577449882,1.2403718065957907,1.4685878753500219
2023-03-31,0.9924544875445881,0.5166307828810394,-0.1108024175334166,1.5552166098291016,57.08430006068636,94.49400119449103,0.8680445435370032,1.5619962904954192
2023-04-30,0.8974319145325698,0.49145942317084573,-0.5044431750270926,1.5977741379075137,54.718709399961774,107.56988712987048,0.7140250608547732,1.6780894288990849
2023-05-31,0.8154411436091633,0.5708932496642292,-0.2132568559812298,1.6102679914059457,37.321630816971414,97.85302498232433,0.7538571701660424,1.6275791119087648
2023-06-30,0.7988850617544794,0.6867202510070133,-0.799673582443173,1.7864640114575288,26.327952584912598,113.95444271971732,0.9732580983260153,1.9573223887410764
2023-07-31,0.8021471847980105,0.6392372043679742,-0.7942812503439941,1.881235656511991,29.864081637118606,112.73860352767807,0.8769140725186966,2.042364477747165
2023-08-31,0.8054847202122438,0.5853008052820118,-0.8023698127744372,1.8326416317645964,34.89307367791808,113.48570472972293,0.7722726174479599,2.0007116411595653
2023-09-30,0.7945525623737949,0.5124217112152208,-0.2698764073043083,1.6931152051803122,42.62457706960803,99.30089100263622,0.6275913484829349,1.7178521807830296
2023-10-31,0.6854337545842677,0.4399622083831655,-0.1862953240486588,1.6322897751842391,41.49784622935783,96.84080933058357,0.38869603434058136,1.6460837587521857
2023-11-30,0.6657339824398385,0.43525329355269604,-0.8899952415269899,1.882671627753968,39.06762204353519,115.09533605449697,0.3606828584106491,2.081557463023292
2023-12-31,0.5925980531898458,0.3666876078796431,-0.953355240114886,2.019248546868692,44.15054592080521,115.04397571812481,0.1652180397043459,2.2316264153743566
2024-01-31,0.5648301609264889,0.35532006994718507,-0.6972191439953732,2.0690675997436503,38.29692252783848,108.53784365534794,0.11693608552345963,2.185073328067213
2024-02-29,0.5835485109665961,0.4298973980817302,-0.8252872563367909,2.234911001525816,20.72713732222842,110.11781817567527,0.2859268602819294,2.383155250017347
2024-03-31,0.5773472904897377,0.421839921463481,-0.8778624621629934,2.3442569962295163,20.25460869562096,110.35862800724223,0.2648187883556805,2.503630818483648
2024-04-30,0.6285613301376967,0.45892346441453613,-0.5219682864902677,2.205030773310842,26.888848044599783,103.34316698376297,0.37648805071829594,2.269087772373806
2024-05-31,0.5544663657353924,0.4537272208359535,-0.8899952415269899,2.3726435923293923,9.916776906388824,110.38605490682001,0.32845325817636956,2.5343977461886578
2024-06-30,0.5249561237444198,0.4343697669622702,-0.9547033552805112,2.495469413557684,2.3237606495385283,110.73682337855121,0.27818297254692986,2.6717255928902777
2024-07-31,0.47327112210524813,0.3523184339026308,-0.4262541667439358,2.5391140772030143,-38.77253296917783,99.60546591225281,0.10864393912754679,2.578492598557094
2024-08-31,0.40970482810644426,0.2792330396244271,-0.6095937152428205,2.624349789182305,-117.8347841055444,103.05247237353379,0.18724961257389233,2.697376930013254
2024-09-30,0.33139018652809693,0.23457532907806497,-0.3763751912490111,2.70276350814566,-123.98071247569446,98.0258177773836,0.34461709043466343,2.7329686822932824
2024-10-31,0.3190830302337076,0.3096260055600407,0.4904430614971012,2.668750810446843,-92.97789821004474,80.14097208724004,0.3050637704928094,2.7121976907418737
2024-11-30,0.30520452745651316,0.356057654561771,-0.8104582466415439,2.894019375607018,-73.99265802858498,105.52964740725274,0.33909770819532475,3.007496549315842
2024-12-31,0.32392486710898016,0.30354511417522306,-0.2927938508666754,2.797710801849013,-95.79611255080367,96.11283909744662,0.2987489211342185,2.8172867599278817
2025-01-31,0.47391732149295596,0.3210967258841922,-0.4168176177112039,2.902625764036815,-80.54264247022704,98.24322489892128,0.06796826985948844,2.936656843694187
2025-02-28,0.5384438680820307,0.35905333362268904,0.014569207350065,2.851701107709204,17.639448788127154,90.00067226223138,0.10552697139805929,2.8553269213316748
2025-03-31,0.4707675732073807,0.3675474385875012,0.3718117553150881,2.631025270259919,-30.80114255049268,82.46161877964775,0.14037033530176082,2.65733733320046
2025-04-30,0.476682429510351,0.3642397903815852,0.6980481687239785,2.59860038981762,-29.110936720253115,75.62166446969084,0.12908708475692793,2.6860388544231673
2025-05-31,0.49525617040543213,0.45677242508396354,-0.128327657559941,2.8315921742281374,-5.920853456759873,92.81672240926905,0.33249176092216803,2.8386219367310463
2025-06-30,0.6557007525367899,0.5248271025784622,-0.3763751912490111,3.0340739799579173,23.345189709795793,97.15906620057152,0.5347842567203283,3.061801508059031
2025-07-31,0.787923229699369,0.6363767582709433,-0.3777233064146365,3.1294907651587924,28.826804425802816,96.96665772667598,0.8603435129702345,3.1567765626181186
2025-08-31,0.8311191066493869,0.5861284079089009,-0.5610627263501847,3.216458753523804,37.13311875844461,99.89559905478389,0.7969837719335884,3.26918555266595
2025-09-30,0.8413502544185368,0.6503524513297999,-0.4370388309423069,3.370526287428526,32.27487745676784,97.44120608781394,0.930397022414742,3.403474882100541
2025-10-31,1.2942942723679054,0.6628263638153289,-0.2806610715026794,3.477301979540633,55.60275181305083,94.73127380789556,1.4444797735206436,3.493627705404885
2025-11-30,1.2942942723679054,0.6542093711756096,0.592897499944901,3.329510612643881,56.27228580334637,80.39123352298371,1.4331123313846161,3.38118017594879
